customer_id,cardholder_role,risk_tier,churn_risk_score,churn_flag
SME167500,business_owner,high_risk,0.8062150061606435,1
SME124276,business_owner,high_risk,0.8044416158758801,1
SME188272,business_owner,high_risk,0.7965827764319158,0
SME194277,business_owner,high_risk,0.7955326487217498,1
SME159249,business_owner,high_risk,0.7902487693587805,0
SME140995,business_owner,high_risk,0.7884448429143304,0
SME134426,business_owner,high_risk,0.7850213731255848,1
SME114231,business_owner,high_risk,0.7788824191988958,0
SME121724,business_owner,high_risk,0.7786180581294118,1
SME185747,business_owner,high_risk,0.7780115692194375,0
SME145947,business_owner,high_risk,0.7779326111752767,1
SME139574,business_owner,high_risk,0.777658271384484,0
SME103650,business_owner,high_risk,0.7762757294117089,1
SME104284,business_owner,high_risk,0.77601589749491,1
SME143260,business_owner,high_risk,0.7749581131951107,1
SME111216,business_owner,high_risk,0.7748130687041012,0
SME168313,business_owner,high_risk,0.7741689489814697,1
SME174689,business_owner,high_risk,0.7736310061174355,0
SME140007,business_owner,high_risk,0.7725603406035143,0
SME196755,business_owner,high_risk,0.7713648318097939,1
SME112684,business_owner,high_risk,0.7712184114327004,1
SME164959,business_owner,high_risk,0.7710088374674323,0
SME138907,business_owner,high_risk,0.7710055227007001,0
SME198479,business_owner,high_risk,0.7709997825506055,0
SME143849,business_owner,high_risk,0.7708323668650592,1
SME158759,business_owner,high_risk,0.7702953891009453,0
SME157410,business_owner,high_risk,0.7700207356722067,1
SME143131,business_owner,high_risk,0.7694830853180632,1
SME102518,business_owner,high_risk,0.7693644223889518,1
SME106552,business_owner,high_risk,0.7689492976685319,1
SME177778,business_owner,high_risk,0.7687683236472148,0
SME147234,business_owner,high_risk,0.7683492037405331,0
SME195143,business_owner,high_risk,0.7670359911521285,1
SME158348,business_owner,high_risk,0.7669894062457713,0
SME113400,business_owner,high_risk,0.766810809438197,0
SME182188,business_owner,high_risk,0.7665669140977325,0
SME140790,business_owner,high_risk,0.7663214827260711,1
SME132820,business_owner,high_risk,0.7662524546698498,1
SME181770,business_owner,high_risk,0.7660200881744529,1
SME156833,business_owner,high_risk,0.7656085901007009,0
SME164870,business_owner,high_risk,0.7655102824553175,0
SME150475,business_owner,high_risk,0.7648598045844949,0
SME173892,business_owner,high_risk,0.7646086374943334,0
SME102156,business_owner,high_risk,0.7645269794506263,0
SME100964,business_owner,high_risk,0.7643057890204513,0
SME175703,business_owner,high_risk,0.7642273127304252,1
SME112909,business_owner,high_risk,0.7640693454501545,0
SME196908,business_owner,high_risk,0.7636428145197834,0
SME172035,business_owner,high_risk,0.7635835760593284,0
SME130560,business_owner,high_risk,0.7635099466031918,0
SME163726,business_owner,high_risk,0.7632131525110408,0
SME186996,business_owner,high_risk,0.7631133806653991,0
SME101210,business_owner,high_risk,0.7629186196533868,1
SME151969,business_owner,high_risk,0.7626933823557784,0
SME117968,business_owner,high_risk,0.7625422510240593,0
SME143501,business_owner,high_risk,0.7620155668760882,1
SME106740,business_owner,high_risk,0.7615371644269684,0
SME179913,business_owner,high_risk,0.7607639150810936,1
SME198340,business_owner,medium_risk,0.760554059229316,1
SME134692,business_owner,high_risk,0.7599040696690663,0
SME103656,business_owner,high_risk,0.7593937470111917,1
SME171590,business_owner,high_risk,0.7590718516643983,1
SME141191,business_owner,high_risk,0.7589373552688161,1
SME136392,business_owner,high_risk,0.7586675991331188,0
SME197244,business_owner,high_risk,0.7585317951579603,0
SME105415,business_owner,high_risk,0.7582776575145255,1
SME111519,business_owner,high_risk,0.758042688470677,1
SME171391,business_owner,high_risk,0.7579380641927789,0
SME174464,business_owner,high_risk,0.7577976833831074,1
SME124105,business_owner,high_risk,0.757686699736122,1
SME125292,business_owner,high_risk,0.7572185051399015,0
SME141079,business_owner,high_risk,0.75710772865239,0
SME119013,business_owner,high_risk,0.756827375557979,1
SME156344,business_owner,high_risk,0.756754851454381,0
SME143834,business_owner,high_risk,0.756614256270549,0
SME113706,business_owner,high_risk,0.7564526895459931,1
SME159049,business_owner,high_risk,0.7562972865248334,1
SME144008,business_owner,high_risk,0.7562415128944877,0
SME177649,business_owner,medium_risk,0.7558554491686905,1
SME135013,business_owner,high_risk,0.7557731244154772,1
SME107964,business_owner,high_risk,0.7555829773427156,0
SME137750,business_owner,high_risk,0.755556902557213,1
SME174425,business_owner,high_risk,0.755537998253776,1
SME108882,business_owner,high_risk,0.7554756157668188,0
SME102252,business_owner,high_risk,0.7554143061939522,1
SME186078,business_owner,high_risk,0.7553849773286357,0
SME175989,business_owner,high_risk,0.7552399957265137,1
SME163823,business_owner,high_risk,0.7550555726491933,1
SME157950,business_owner,high_risk,0.7550183972502826,0
SME166656,business_owner,high_risk,0.754987982931542,0
SME160594,business_owner,high_risk,0.754908336245239,1
SME166435,business_owner,high_risk,0.7547778425307533,0
SME151151,business_owner,high_risk,0.7547452903937265,1
SME146935,business_owner,high_risk,0.7546364502071745,0
SME107268,business_owner,high_risk,0.7544862439272475,1
SME181899,business_owner,high_risk,0.7543609135000584,0
SME197340,business_owner,high_risk,0.7542724822220186,0
SME133307,business_owner,high_risk,0.7541886681500564,0
SME152963,business_owner,high_risk,0.7541677797933318,0
SME124219,business_owner,high_risk,0.7541522555945189,0
SME161641,business_owner,high_risk,0.7540218965716174,1
SME161524,business_owner,high_risk,0.7537784994833763,0
SME118522,business_owner,high_risk,0.7537261003203098,0
SME154010,business_owner,high_risk,0.7534209560283354,1
SME119813,business_owner,high_risk,0.7533609263083789,1
SME124746,business_owner,high_risk,0.7533311293844429,0
SME186663,business_owner,high_risk,0.7531720909962516,0
SME188951,business_owner,high_risk,0.7530273220321362,0
SME112330,business_owner,high_risk,0.7527418498344414,0
SME135360,business_owner,high_risk,0.7525092452752593,0
SME121775,business_owner,high_risk,0.7523209945575587,1
SME199058,business_owner,high_risk,0.7521831627931013,0
SME128273,business_owner,high_risk,0.7521597471264329,1
SME109044,business_owner,high_risk,0.7521431044877154,0
SME107567,business_owner,high_risk,0.7520988596718539,0
SME171287,business_owner,high_risk,0.7519607596834547,0
SME118739,business_owner,high_risk,0.7519388109812196,1
SME127418,business_owner,high_risk,0.751843480180558,0
SME153314,business_owner,high_risk,0.7517967251811569,1
SME183030,business_owner,high_risk,0.7517398154073603,0
SME112847,business_owner,high_risk,0.7517179046731699,0
SME134438,business_owner,high_risk,0.7516830955130431,0
SME132726,business_owner,high_risk,0.7516224094699254,0
SME119798,business_owner,high_risk,0.7509719700215235,1
SME169454,business_owner,high_risk,0.7506312969374309,1
SME164107,business_owner,high_risk,0.7505562126895743,1
SME123610,business_owner,high_risk,0.7505185743088711,1
SME124075,business_owner,high_risk,0.750374831677868,1
SME176158,business_owner,high_risk,0.7497415263264531,1
SME100617,business_owner,high_risk,0.7496718926496753,0
SME162476,business_owner,high_risk,0.7496277529665801,0
SME151201,business_owner,high_risk,0.7496072429302482,1
SME171450,business_owner,high_risk,0.7492712080374849,0
SME100689,business_owner,high_risk,0.7492033910048235,0
SME137542,business_owner,high_risk,0.7489829484713807,0
SME113437,business_owner,high_risk,0.7489569125934256,0
SME113028,business_owner,high_risk,0.7487507145536407,1
SME155864,business_owner,high_risk,0.7486995782607976,0
SME121834,business_owner,medium_risk,0.7486566691288974,1
SME147653,business_owner,high_risk,0.7486385542043402,0
SME198195,business_owner,high_risk,0.7486381928600785,1
SME119716,business_owner,high_risk,0.7485537653430123,0
SME161104,business_owner,high_risk,0.7485094502408433,1
SME182819,business_owner,high_risk,0.7483280100752371,1
SME143711,business_owner,high_risk,0.7481540783251549,1
SME184948,business_owner,high_risk,0.7476251913341335,1
SME120936,business_owner,high_risk,0.7472891342051567,0
SME159912,business_owner,high_risk,0.747170613112546,1
SME162122,business_owner,high_risk,0.7471352652363598,0
SME179016,business_owner,high_risk,0.7470531209583208,0
SME176048,business_owner,medium_risk,0.7470514255740942,0
SME134223,business_owner,high_risk,0.7468471991803901,0
SME129603,business_owner,medium_risk,0.7468180533341306,1
SME199056,business_owner,high_risk,0.7467838656924458,1
SME156481,business_owner,high_risk,0.7467709964101268,1
SME141273,business_owner,high_risk,0.746618039283798,1
SME103127,business_owner,high_risk,0.746607711336584,0
SME193230,business_owner,medium_risk,0.7465507577338782,0
SME151032,business_owner,high_risk,0.7463983534759806,1
SME154743,business_owner,high_risk,0.745964014746507,0
SME189328,business_owner,high_risk,0.7457634308346565,1
SME155450,business_owner,high_risk,0.7456769851925965,0
SME140055,business_owner,high_risk,0.745582330830194,0
SME137564,business_owner,high_risk,0.7455727339168704,0
SME105335,business_owner,high_risk,0.7455447181398676,0
SME125308,business_owner,high_risk,0.7454119740446469,0
SME196370,business_owner,high_risk,0.7453912759240944,0
SME157518,business_owner,high_risk,0.7453583406236645,0
SME191401,business_owner,high_risk,0.7451823994048034,1
SME172540,business_owner,high_risk,0.7450651234622188,0
SME139838,business_owner,high_risk,0.7450547541713293,1
SME177785,business_owner,high_risk,0.7449093129682588,0
SME164519,business_owner,high_risk,0.7447564886005515,0
SME180304,business_owner,high_risk,0.7447459424585783,0
SME172269,business_owner,high_risk,0.7447148019141373,0
SME179176,business_owner,high_risk,0.7445067802932293,0
SME194611,business_owner,high_risk,0.7443913567350163,0
SME192684,business_owner,high_risk,0.7442266047909603,0
SME151827,business_owner,high_risk,0.744121143009733,0
SME198250,business_owner,high_risk,0.7440823920406234,0
SME163414,business_owner,high_risk,0.744059425034415,0
SME126728,business_owner,high_risk,0.7440391254134009,0
SME170977,business_owner,high_risk,0.7436302335376702,1
SME153995,business_owner,high_risk,0.7434831071456512,0
SME185183,business_owner,high_risk,0.7433783662975554,1
SME184545,business_owner,high_risk,0.7430920749638051,1
SME187460,business_owner,high_risk,0.7429333781454357,1
SME199767,business_owner,high_risk,0.7428490916301972,1
SME190867,business_owner,high_risk,0.7427974825893184,1
SME100938,business_owner,high_risk,0.7427908393177646,1
SME157096,business_owner,high_risk,0.7427251337187653,1
SME190883,business_owner,high_risk,0.7427155288212568,0
SME162875,business_owner,high_risk,0.7426412152429932,1
SME176459,business_owner,high_risk,0.7425657929228648,0
SME199361,business_owner,high_risk,0.7425417576580564,0
SME168995,business_owner,high_risk,0.7424365290576469,0
SME198223,business_owner,high_risk,0.7421952459622935,0
SME149613,business_owner,high_risk,0.7420917251806024,0
SME159025,business_owner,high_risk,0.742088390474684,0
SME103409,business_owner,high_risk,0.742087430641444,0
SME161871,business_owner,high_risk,0.7419730498761482,0
SME175062,business_owner,high_risk,0.741492611573361,1
SME141637,business_owner,high_risk,0.7414837757665358,0
SME162242,business_owner,high_risk,0.7412859726848351,1
SME112672,business_owner,high_risk,0.7412287859569809,1
SME106789,business_owner,high_risk,0.7412243566371008,0
SME138159,business_owner,high_risk,0.7411476568385397,1
SME153697,business_owner,high_risk,0.7411239851436986,1
SME112567,business_owner,high_risk,0.7408570894779082,1
SME143447,business_owner,high_risk,0.7406542281114029,0
SME165017,business_owner,high_risk,0.7405749235266295,1
SME115474,business_owner,high_risk,0.7404747368085658,0
SME141389,business_owner,high_risk,0.7403506764374191,1
SME149754,business_owner,high_risk,0.7401747258653946,1
SME168276,business_owner,high_risk,0.7401393441014057,1
SME103682,business_owner,high_risk,0.7401182154787896,1
SME165499,business_owner,high_risk,0.7400842342408775,1
SME136277,business_owner,high_risk,0.7400557472020111,1
SME183753,business_owner,high_risk,0.7400138928883091,0
SME173779,business_owner,high_risk,0.7399418654835118,1
SME116730,business_owner,high_risk,0.73992757749138,0
SME192820,business_owner,high_risk,0.7399235111801743,1
SME188759,business_owner,high_risk,0.7397764855267698,1
SME103224,business_owner,high_risk,0.7397556822140547,0
SME152505,business_owner,high_risk,0.7396491301473433,1
SME162686,business_owner,high_risk,0.7396023403176536,0
SME128016,business_owner,high_risk,0.7394828356328894,0
SME104565,business_owner,high_risk,0.7393758731469728,1
SME168345,business_owner,medium_risk,0.7392574831613082,1
SME149179,business_owner,high_risk,0.7392480470392652,1
SME168202,business_owner,high_risk,0.7392350437769991,0
SME153591,business_owner,medium_risk,0.7390263849624488,0
SME110126,business_owner,medium_risk,0.7390076631624007,1
SME191578,business_owner,high_risk,0.7389368352888455,0
SME195616,business_owner,high_risk,0.7389076202202338,0
SME106564,business_owner,high_risk,0.7388689194800037,1
SME140739,business_owner,high_risk,0.7388668301186349,0
SME133481,business_owner,high_risk,0.7387523720996707,0
SME195844,business_owner,high_risk,0.7387152007523167,1
SME180641,business_owner,high_risk,0.7387134675464933,1
SME185591,business_owner,high_risk,0.7387077647346917,1
SME174516,business_owner,high_risk,0.7387062538544267,0
SME139568,business_owner,high_risk,0.7385654402885066,0
SME143198,business_owner,high_risk,0.7384874071495139,0
SME158661,business_owner,high_risk,0.7384473508045549,0
SME140818,business_owner,high_risk,0.7383137844942721,1
SME153980,business_owner,high_risk,0.7383063350547105,0
SME158909,business_owner,medium_risk,0.7382038427663566,1
SME117608,business_owner,high_risk,0.7381914808788191,0
SME103516,business_owner,high_risk,0.7381730539335222,0
SME129204,business_owner,high_risk,0.7381641434766454,0
SME197911,business_owner,high_risk,0.7380912680092324,0
SME121875,business_owner,high_risk,0.7380868494743714,0
SME103171,business_owner,high_risk,0.7380407557519651,0
SME143624,business_owner,high_risk,0.7380310965559346,1
SME172939,business_owner,high_risk,0.737997220836163,1
SME165903,business_owner,high_risk,0.7379659745148031,0
SME145624,business_owner,high_risk,0.7375972814631895,1
SME171739,business_owner,high_risk,0.7375947101421187,0
SME138452,business_owner,high_risk,0.7375032869389497,1
SME127734,business_owner,high_risk,0.7374729152461502,1
SME174403,business_owner,high_risk,0.7374574994615877,0
SME184163,business_owner,high_risk,0.7374251271553656,0
SME120083,business_owner,high_risk,0.7373884668183331,0
SME131402,business_owner,high_risk,0.7373638312095324,1
SME145964,business_owner,high_risk,0.7373638176868916,1
SME112815,business_owner,high_risk,0.7373358201669227,0
SME150467,business_owner,medium_risk,0.7373233272080063,0
SME187338,business_owner,high_risk,0.7372723114796631,1
SME139502,business_owner,high_risk,0.7372236344991855,1
SME181558,business_owner,high_risk,0.7369899577536572,0
SME149326,business_owner,high_risk,0.7369447570808163,1
SME105406,business_owner,high_risk,0.7367163589037203,1
SME184374,business_owner,high_risk,0.7367145942834339,1
SME111926,business_owner,high_risk,0.736633264216183,1
SME156889,business_owner,high_risk,0.7365653535021509,0
SME153938,business_owner,high_risk,0.7364896107960643,1
SME150808,business_owner,high_risk,0.7364367897809982,0
SME107351,business_owner,high_risk,0.7364037299029157,0
SME158088,business_owner,high_risk,0.7363193698002343,1
SME195165,business_owner,high_risk,0.7362514799803005,1
SME129650,business_owner,high_risk,0.7361863271000472,0
SME168720,business_owner,high_risk,0.7361048226601591,0
SME153540,business_owner,high_risk,0.7360389520064046,0
SME140689,business_owner,high_risk,0.7360026594661345,0
SME103706,business_owner,high_risk,0.7360016826724469,1
SME114821,business_owner,high_risk,0.7359689772931751,0
SME154289,business_owner,high_risk,0.7358255875790811,0
SME193839,business_owner,high_risk,0.7357983946838247,1
SME198111,business_owner,high_risk,0.7357589701196354,1
SME163316,business_owner,high_risk,0.7357541483417017,1
SME117587,business_owner,medium_risk,0.7357214719855091,1
SME143835,business_owner,high_risk,0.7356401032805107,1
SME116973,business_owner,high_risk,0.7352378534607625,0
SME153500,business_owner,high_risk,0.7352369227433446,0
SME198182,business_owner,high_risk,0.7351215322832724,0
SME190712,business_owner,high_risk,0.7351084259805256,1
SME146278,business_owner,high_risk,0.735057622368522,1
SME184266,business_owner,high_risk,0.7350371047617892,0
SME166193,business_owner,high_risk,0.7350291336129731,1
SME179204,business_owner,high_risk,0.7350269806468618,1
SME175453,business_owner,high_risk,0.7349856722603894,0
SME158795,business_owner,high_risk,0.7348363034720652,0
SME148842,business_owner,high_risk,0.734781971745862,1
SME139205,business_owner,high_risk,0.7346781027736846,0
SME164202,business_owner,high_risk,0.7346738632705109,1
SME153415,business_owner,high_risk,0.7345602546360059,1
SME147425,business_owner,high_risk,0.7345400192041568,0
SME194623,business_owner,high_risk,0.7345299996873264,1
SME199471,business_owner,high_risk,0.7345017001595439,0
SME143991,business_owner,high_risk,0.7344557920245227,1
SME154099,business_owner,high_risk,0.7343983670114671,0
SME171535,business_owner,high_risk,0.7343824512729608,0
SME164486,business_owner,high_risk,0.7343321666244381,1
SME185192,business_owner,high_risk,0.7342932205322974,0
SME126498,business_owner,high_risk,0.7342295466486514,0
SME112820,business_owner,high_risk,0.7341958565387031,0
SME197640,business_owner,high_risk,0.7341808387136968,1
SME107463,business_owner,high_risk,0.7341227430405046,0
SME187382,business_owner,high_risk,0.7340746594587314,0
SME153917,business_owner,high_risk,0.7339634777724489,1
SME157766,business_owner,medium_risk,0.7339385449032416,1
SME124376,business_owner,high_risk,0.7339212493755601,1
SME184251,business_owner,high_risk,0.7336775210465126,0
SME161815,business_owner,high_risk,0.733671806358221,0
SME125170,business_owner,high_risk,0.7336412499878777,0
SME131334,business_owner,high_risk,0.7336269892817859,0
SME127534,business_owner,high_risk,0.7336085052773472,0
SME142464,business_owner,high_risk,0.7334706176981818,1
SME101144,business_owner,medium_risk,0.7334383792580703,0
SME190533,business_owner,high_risk,0.7334306890470568,0
SME168821,business_owner,high_risk,0.7332889925781203,0
SME108824,business_owner,high_risk,0.7332881338000306,1
SME144201,business_owner,high_risk,0.7332586552276432,0
SME150650,business_owner,high_risk,0.7332569054303175,0
SME171543,business_owner,medium_risk,0.7331967851168336,0
SME152020,business_owner,high_risk,0.7331718595606435,0
SME131224,business_owner,high_risk,0.7331399082395972,1
SME143863,business_owner,high_risk,0.7331323796131869,0
SME136894,business_owner,high_risk,0.7330727111153333,0
SME150660,business_owner,high_risk,0.7328886944940476,0
SME181311,business_owner,high_risk,0.7328586335843642,0
SME151723,business_owner,high_risk,0.7328125440981139,0
SME102449,business_owner,high_risk,0.7327914631016379,1
SME196357,business_owner,high_risk,0.7325627234264134,1
SME177332,business_owner,high_risk,0.7325512711562988,0
SME137463,business_owner,high_risk,0.7325367756819783,0
SME108069,business_owner,high_risk,0.7325189948708085,1
SME128509,business_owner,high_risk,0.7325055745819128,1
SME178966,business_owner,high_risk,0.7324055640634572,1
SME150289,business_owner,medium_risk,0.7323899603884688,0
SME138983,business_owner,high_risk,0.7323329745274249,1
SME167989,business_owner,high_risk,0.7322823742281506,1
SME172621,business_owner,high_risk,0.7321637615315167,0
SME155237,business_owner,medium_risk,0.732154215930636,0
SME103857,business_owner,high_risk,0.7321426747607787,0
SME199460,business_owner,high_risk,0.7321124833483211,1
SME132260,business_owner,high_risk,0.7319575067985822,0
SME102921,business_owner,high_risk,0.7315577672105781,1
SME133888,business_owner,high_risk,0.7315543226398581,0
SME140228,business_owner,high_risk,0.7315273567666147,0
SME170063,business_owner,high_risk,0.731512895317119,0
SME135217,business_owner,high_risk,0.7314202973715491,1
SME177769,business_owner,high_risk,0.7313246395304126,0
SME193586,business_owner,high_risk,0.7311922874888841,1
SME111304,business_owner,high_risk,0.7311915450517963,0
SME129936,business_owner,high_risk,0.73117286706239,1
SME124351,business_owner,high_risk,0.7311581921983192,0
SME146108,business_owner,high_risk,0.7311156599247547,0
SME145680,business_owner,high_risk,0.7311061900641838,1
SME170598,business_owner,high_risk,0.7310037453437642,1
SME104853,business_owner,high_risk,0.7309169014066336,0
SME194461,business_owner,high_risk,0.7308038059393389,1
SME130086,business_owner,high_risk,0.7307500691209463,1
SME119723,business_owner,high_risk,0.7307460829896414,0
SME122324,business_owner,high_risk,0.7307337723776552,1
SME134152,business_owner,high_risk,0.7307202651721176,1
SME170155,business_owner,medium_risk,0.7306265732750434,1
SME122030,business_owner,high_risk,0.730538160789691,1
SME117218,business_owner,high_risk,0.730507225621526,1
SME108667,business_owner,high_risk,0.7304394198435161,1
SME106849,business_owner,high_risk,0.7303691389877529,0
SME175812,business_owner,high_risk,0.7303488692247987,1
SME139803,business_owner,high_risk,0.7303348564517078,0
SME110984,business_owner,high_risk,0.7302544410467743,1
SME188472,business_owner,high_risk,0.7302194478165585,0
SME136308,business_owner,high_risk,0.730148392700294,1
SME154337,business_owner,high_risk,0.7301342669212304,0
SME118428,business_owner,high_risk,0.7300128676025245,0
SME114029,business_owner,high_risk,0.7299586524580289,1
SME175482,business_owner,high_risk,0.7299579906540221,0
SME134242,business_owner,high_risk,0.7299561687710755,1
SME182969,business_owner,high_risk,0.7298748810870473,0
SME189137,business_owner,high_risk,0.7298587138683679,1
SME199260,business_owner,high_risk,0.7298022664035579,0
SME141865,business_owner,high_risk,0.7297705454925748,1
SME189687,business_owner,high_risk,0.7297649248337279,0
SME119702,business_owner,high_risk,0.7297201444578575,0
SME118858,business_owner,high_risk,0.7296319328798504,0
SME141224,business_owner,high_risk,0.7295981449127226,1
SME132549,business_owner,high_risk,0.729504223688404,1
SME159857,business_owner,high_risk,0.729497349961544,1
SME179565,business_owner,high_risk,0.7294855148418641,0
SME145927,business_owner,high_risk,0.7294580529091008,0
SME112433,business_owner,high_risk,0.7293862610106647,0
SME197656,business_owner,high_risk,0.7293642267682872,0
SME101951,business_owner,high_risk,0.7293082777141505,0
SME127964,business_owner,high_risk,0.7293059760539934,0
SME102241,business_owner,high_risk,0.7292993691512379,1
SME153942,business_owner,medium_risk,0.7292375776969806,0
SME176568,business_owner,high_risk,0.7291871932704158,1
SME181706,business_owner,high_risk,0.7291741131883762,1
SME146117,business_owner,high_risk,0.7288793651108713,0
SME199223,business_owner,high_risk,0.7288457264529974,0
SME189091,business_owner,high_risk,0.7287607266658032,0
SME154622,business_owner,high_risk,0.728739329408713,1
SME138941,business_owner,high_risk,0.7287336548352333,0
SME120630,business_owner,high_risk,0.728720564139881,0
SME132423,business_owner,medium_risk,0.7287119591871867,0
SME170929,business_owner,high_risk,0.7285006312464647,0
SME195846,business_owner,medium_risk,0.7284969346044055,1
SME131725,business_owner,high_risk,0.7284748788966863,0
SME129156,business_owner,high_risk,0.7284544294329734,0
SME140722,business_owner,high_risk,0.7284328250845387,1
SME182372,business_owner,high_risk,0.7284092571269088,0
SME172259,business_owner,high_risk,0.7283094843483482,0
SME127106,business_owner,high_risk,0.7282924407477748,0
SME175465,business_owner,high_risk,0.7282870874499267,0
SME160572,business_owner,high_risk,0.7281669066178187,0
SME185205,business_owner,high_risk,0.728079571240309,0
SME136191,business_owner,high_risk,0.7280589745315037,0
SME122588,business_owner,high_risk,0.7279911500912895,0
SME130896,business_owner,high_risk,0.727952759382438,0
SME108141,business_owner,high_risk,0.7279473560023213,1
SME153492,business_owner,medium_risk,0.7278909321978568,0
SME133166,business_owner,high_risk,0.727854616004873,0
SME165098,business_owner,high_risk,0.7278380046786999,0
SME189259,business_owner,high_risk,0.727836818309869,0
SME162367,business_owner,high_risk,0.7276923537046015,0
SME124571,business_owner,high_risk,0.727676097833682,1
SME140489,business_owner,high_risk,0.7276437819195666,0
SME108422,business_owner,high_risk,0.7276159258121889,0
SME103175,business_owner,high_risk,0.7275783117014789,0
SME172353,business_owner,high_risk,0.7275012872234136,1
SME141624,business_owner,high_risk,0.7274910731664409,1
SME128220,business_owner,high_risk,0.7274228723226772,0
SME141223,business_owner,high_risk,0.7274027376384019,1
SME132413,business_owner,high_risk,0.7273360642077938,0
SME119373,business_owner,high_risk,0.72718751711639,0
SME134057,business_owner,high_risk,0.7271195135287185,0
SME162092,business_owner,medium_risk,0.7270772622125189,0
SME103040,business_owner,high_risk,0.7270741658715483,1
SME172107,business_owner,high_risk,0.7270016534872733,0
SME108412,business_owner,medium_risk,0.7270010292399148,0
SME146407,business_owner,high_risk,0.7269360440500247,1
SME119615,business_owner,high_risk,0.7267910260594153,1
SME109594,business_owner,high_risk,0.7267897801074712,0
SME173253,business_owner,high_risk,0.7267525576508183,0
SME123835,business_owner,high_risk,0.7267410814305475,1
SME179772,business_owner,high_risk,0.7267310361094532,1
SME186371,business_owner,high_risk,0.72666790356141,1
SME115545,business_owner,high_risk,0.726517693881076,1
SME104594,business_owner,high_risk,0.7265032889516532,1
SME152094,business_owner,high_risk,0.7265006094339675,0
SME173977,business_owner,high_risk,0.726484997464355,0
SME198896,business_owner,high_risk,0.7264380601424124,0
SME185594,business_owner,high_risk,0.7264145248200126,0
SME157318,business_owner,high_risk,0.7263604200780346,0
SME116958,business_owner,high_risk,0.7263510683106242,1
SME103066,business_owner,medium_risk,0.7263124280243151,0
SME103812,business_owner,high_risk,0.7262295131104881,0
SME139482,business_owner,high_risk,0.7261899756436115,1
SME134455,business_owner,high_risk,0.7261837466671337,0
SME130248,business_owner,high_risk,0.7261341055927663,0
SME129812,business_owner,high_risk,0.7261031854301268,0
SME148621,business_owner,high_risk,0.7260470470023555,0
SME108749,business_owner,high_risk,0.7259858674635019,0
SME111198,business_owner,high_risk,0.7259623023359213,1
SME165731,business_owner,high_risk,0.7259588258663475,0
SME191766,business_owner,high_risk,0.7259501237484876,0
SME135041,business_owner,medium_risk,0.7259328577217554,1
SME125789,business_owner,high_risk,0.7258929942622212,0
SME123263,business_owner,high_risk,0.725773058817939,0
SME115292,business_owner,medium_risk,0.7257113559444982,1
SME167922,business_owner,high_risk,0.7257089395636119,0
SME110504,business_owner,high_risk,0.7256935607926288,0
SME180544,business_owner,high_risk,0.7256872960527144,0
SME133287,business_owner,high_risk,0.7256823710362338,0
SME195294,business_owner,high_risk,0.7255597184900975,0
SME170930,business_owner,medium_risk,0.7255136032781784,1
SME169638,business_owner,high_risk,0.7254858675136299,0
SME167260,business_owner,high_risk,0.725477974206638,1
SME141719,business_owner,high_risk,0.725469685717888,1
SME148591,business_owner,high_risk,0.7254512376050359,0
SME199807,business_owner,high_risk,0.7254358341867715,0
SME102826,business_owner,medium_risk,0.7254262763643596,0
SME185888,business_owner,high_risk,0.7253675511854561,0
SME169439,business_owner,high_risk,0.7253409770012921,0
SME119682,business_owner,high_risk,0.7253301461100736,0
SME144186,business_owner,high_risk,0.7252110356792785,1
SME133473,business_owner,high_risk,0.7252043901259454,0
SME149740,business_owner,high_risk,0.7251673714690257,0
SME163250,business_owner,high_risk,0.7251297514537368,0
SME131507,business_owner,high_risk,0.7250755492774212,1
SME126748,business_owner,high_risk,0.7250729776243726,0
SME196259,business_owner,high_risk,0.725069765753836,1
SME167022,business_owner,high_risk,0.7250613567499968,1
SME117653,business_owner,high_risk,0.7250474592841605,0
SME158234,business_owner,high_risk,0.7249903643103002,0
SME181712,business_owner,high_risk,0.7249755337031945,1
SME119728,business_owner,medium_risk,0.7249699886560925,0
SME108499,business_owner,high_risk,0.7249211551367541,0
SME159619,business_owner,medium_risk,0.7249208407652454,0
SME120006,business_owner,high_risk,0.7249181610555089,0
SME166125,business_owner,high_risk,0.7249066763127919,1
SME183227,business_owner,high_risk,0.7246796307480712,0
SME122433,business_owner,high_risk,0.7246463536418231,0
SME189512,business_owner,high_risk,0.7246252829301019,0
SME145414,business_owner,high_risk,0.7246140213433131,0
SME111565,business_owner,high_risk,0.7245943265291784,1
SME144357,business_owner,high_risk,0.7245279713204517,1
SME163167,business_owner,high_risk,0.7244795560041337,0
SME145404,business_owner,high_risk,0.7244604300058187,1
SME132764,business_owner,high_risk,0.7244228494838686,1
SME124354,business_owner,high_risk,0.7244206016491442,1
SME118538,business_owner,high_risk,0.7244142730168102,0
SME121273,business_owner,high_risk,0.7244074670736886,1
SME128658,business_owner,high_risk,0.7244035236335987,0
SME155738,business_owner,high_risk,0.7243543661726116,1
SME180320,business_owner,high_risk,0.7242727871986245,1
SME126455,business_owner,high_risk,0.7242548171624573,1
SME166604,business_owner,high_risk,0.7242511206112522,1
SME185321,business_owner,high_risk,0.7242184470329173,1
SME104259,business_owner,high_risk,0.7242050670745193,1
SME147972,business_owner,high_risk,0.7241976220725218,1
SME119291,business_owner,high_risk,0.7240378449633282,1
SME162275,business_owner,medium_risk,0.7240339676143401,0
SME162364,business_owner,high_risk,0.7240133704565562,1
SME146774,business_owner,high_risk,0.7239940627608863,0
SME121805,business_owner,high_risk,0.7239901139342294,0
SME117741,business_owner,high_risk,0.7238975299641265,0
SME123642,business_owner,high_risk,0.723715139594814,1
SME175845,business_owner,high_risk,0.7237132445244976,0
SME148891,business_owner,high_risk,0.7237016461603171,0
SME102729,business_owner,high_risk,0.7236444805414699,0
SME123058,business_owner,high_risk,0.7235490588782273,0
SME130907,business_owner,high_risk,0.7235404692424088,0
SME178112,business_owner,high_risk,0.7235396972555136,0
SME104560,business_owner,high_risk,0.7235168502657361,0
SME178708,business_owner,high_risk,0.7235102588359292,1
SME149678,business_owner,high_risk,0.7234437949581944,1
SME161854,business_owner,medium_risk,0.7234319487901646,0
SME117009,business_owner,high_risk,0.7234040246308199,1
SME117722,business_owner,high_risk,0.723381749088629,0
SME148035,business_owner,high_risk,0.7233216434474066,0
SME119358,business_owner,high_risk,0.7232820022340933,1
SME135105,business_owner,high_risk,0.7232147571996137,0
SME156473,business_owner,high_risk,0.7231309612386102,0
SME130806,business_owner,high_risk,0.7231181486512991,0
SME186779,business_owner,high_risk,0.7230729219301115,0
SME150765,business_owner,high_risk,0.7230421655575089,0
SME133987,business_owner,high_risk,0.7230418052347913,1
SME159711,business_owner,medium_risk,0.7230224678659266,1
SME163570,business_owner,high_risk,0.7229921874008235,1
SME133665,business_owner,high_risk,0.7229295497010364,1
SME170975,business_owner,high_risk,0.7228922000379117,0
SME142047,business_owner,medium_risk,0.7228422336290671,0
SME104294,business_owner,high_risk,0.7228223107938102,0
SME190346,business_owner,high_risk,0.7228215146167503,1
SME164504,business_owner,high_risk,0.7227936135369424,0
SME115291,business_owner,high_risk,0.7227895101750044,0
SME157630,business_owner,high_risk,0.7227326462277337,0
SME153156,business_owner,high_risk,0.7226977634136719,1
SME178328,business_owner,high_risk,0.7226895674153738,0
SME136134,business_owner,high_risk,0.7226813807593178,0
SME135271,business_owner,high_risk,0.7225964837749559,1
SME164738,business_owner,high_risk,0.7225918033949704,0
SME158539,business_owner,high_risk,0.7225129549816768,1
SME183987,business_owner,medium_risk,0.7223606589503129,0
SME125589,business_owner,high_risk,0.7223378567872947,0
SME197270,business_owner,high_risk,0.7223347389932824,0
SME160480,business_owner,high_risk,0.7222866202576661,0
SME131232,business_owner,high_risk,0.7222792852221916,0
SME188884,business_owner,high_risk,0.722203361963935,1
SME165412,business_owner,high_risk,0.7221932262545399,0
SME109737,business_owner,high_risk,0.7221930984567909,1
SME174488,business_owner,high_risk,0.7221321569020208,0
SME162539,business_owner,high_risk,0.7220942024885081,1
SME139175,business_owner,high_risk,0.7220093897501572,1
SME116180,business_owner,high_risk,0.7219934546714832,1
SME148440,business_owner,medium_risk,0.7219725834547119,0
SME186089,business_owner,high_risk,0.7218905848700833,1
SME172511,business_owner,high_risk,0.7218797193730467,1
SME170621,business_owner,high_risk,0.721845056893864,1
SME147189,business_owner,high_risk,0.7218329452525399,0
SME188049,business_owner,high_risk,0.7218274254896055,1
SME156044,business_owner,high_risk,0.7218222005825307,0
SME150206,business_owner,high_risk,0.7217438753908388,1
SME163720,business_owner,high_risk,0.7215969333867894,1
SME193875,business_owner,high_risk,0.7215440060180404,1
SME116509,business_owner,medium_risk,0.7214499132591936,1
SME131151,business_owner,high_risk,0.7214441339309658,0
SME175932,business_owner,high_risk,0.7213994700603872,1
SME116945,business_owner,high_risk,0.721361599844302,0
SME187543,business_owner,high_risk,0.7213575896878346,1
SME133819,business_owner,high_risk,0.7213511054751969,1
SME106436,business_owner,medium_risk,0.7212751772669204,0
SME128414,business_owner,high_risk,0.721264102267667,1
SME190419,business_owner,high_risk,0.7212329068456018,1
SME103243,business_owner,high_risk,0.7212201749511344,0
SME113077,business_owner,high_risk,0.7211548922535405,0
SME165483,business_owner,medium_risk,0.7211397851042688,0
SME175373,business_owner,high_risk,0.7211240997591065,1
SME199396,business_owner,high_risk,0.7210933807570445,1
SME181303,business_owner,high_risk,0.7210393811701202,0
SME162620,business_owner,high_risk,0.7210304958596374,0
SME100702,business_owner,medium_risk,0.7209851836521188,0
SME106928,business_owner,high_risk,0.7209692179552173,0
SME155980,business_owner,high_risk,0.7208914568522422,0
SME134761,business_owner,high_risk,0.7208845025312118,1
SME167408,business_owner,high_risk,0.7208563398420281,0
SME179983,business_owner,medium_risk,0.7208312028948269,0
SME135659,business_owner,high_risk,0.7207634655442626,1
SME182632,business_owner,high_risk,0.7207581767204624,0
SME158984,business_owner,high_risk,0.7207231835856257,0
SME106082,business_owner,high_risk,0.7206953741222287,0
SME171014,business_owner,high_risk,0.7205551903942279,1
SME137683,business_owner,high_risk,0.7205390744145614,1
SME182653,business_owner,medium_risk,0.720494382713386,1
SME144634,business_owner,high_risk,0.7204880260327633,0
SME150216,business_owner,high_risk,0.7204533187904932,0
SME128304,business_owner,high_risk,0.7204284442336939,1
SME182929,business_owner,high_risk,0.7203452311932979,1
SME164314,business_owner,high_risk,0.7203037368786027,0
SME139290,business_owner,high_risk,0.7202453047471409,1
SME189222,business_owner,medium_risk,0.7201990990793261,1
SME166232,business_owner,high_risk,0.7201874856736165,1
SME139436,business_owner,high_risk,0.7201201728308263,0
SME198175,business_owner,high_risk,0.7201175843030371,1
SME132700,business_owner,high_risk,0.7201127263085032,0
SME194316,business_owner,high_risk,0.720087589924906,1
SME187860,business_owner,high_risk,0.7200713180777358,1
SME132841,business_owner,high_risk,0.7200566457383498,1
SME142389,business_owner,high_risk,0.7199970379618804,0
SME192676,business_owner,high_risk,0.7199817090097584,0
SME136319,business_owner,high_risk,0.7199706264396547,1
SME118429,business_owner,high_risk,0.7199600088968036,0
SME195595,business_owner,high_risk,0.7198780216130161,0
SME150823,business_owner,medium_risk,0.7198762294929809,0
SME180333,business_owner,high_risk,0.7198448579677836,0
SME135380,business_owner,high_risk,0.7198190388623025,0
SME146389,business_owner,high_risk,0.7197521972048855,1
SME149901,business_owner,high_risk,0.7197400157477011,1
SME137347,business_owner,medium_risk,0.7196643290930603,1
SME147280,business_owner,medium_risk,0.7196380706906021,1
SME126188,business_owner,high_risk,0.7196189495031493,0
SME140030,business_owner,high_risk,0.7195421822354803,1
SME184633,business_owner,high_risk,0.7195362614696821,1
SME150923,business_owner,high_risk,0.7195306129527674,0
SME107647,business_owner,high_risk,0.7195179002299742,1
SME137532,business_owner,high_risk,0.719511252082909,1
SME194186,business_owner,high_risk,0.7194952423520389,1
SME175543,business_owner,medium_risk,0.7194608509718833,0
SME197150,business_owner,medium_risk,0.7194407366174005,1
SME142536,business_owner,medium_risk,0.7194205024590661,1
SME175681,business_owner,high_risk,0.7193949557082598,1
SME139170,business_owner,medium_risk,0.7193823069398425,0
SME131499,business_owner,high_risk,0.719376520610807,0
SME165063,business_owner,high_risk,0.719339560276735,0
SME115275,business_owner,medium_risk,0.7192730963214591,0
SME109021,business_owner,high_risk,0.7192494257765241,0
SME187620,business_owner,high_risk,0.7192434248247144,0
SME102146,business_owner,high_risk,0.7192400776590246,1
SME112762,business_owner,medium_risk,0.7192376769448243,0
SME156020,business_owner,high_risk,0.7192098877548487,0
SME198061,business_owner,high_risk,0.7191785078931426,1
SME136322,business_owner,high_risk,0.7191418356165791,1
SME163866,business_owner,high_risk,0.7191240422183346,0
SME151407,business_owner,high_risk,0.7191122336055735,1
SME158804,business_owner,medium_risk,0.7190730651288566,0
SME133085,business_owner,high_risk,0.7190344631210263,1
SME105378,business_owner,high_risk,0.7190318960567917,1
SME119522,business_owner,high_risk,0.7190045966353071,1
SME195217,business_owner,high_risk,0.7189928852771902,0
SME133768,business_owner,high_risk,0.7189735176529907,1
SME124418,business_owner,high_risk,0.7188620560813876,0
SME157700,business_owner,high_risk,0.7188344950552276,1
SME172065,business_owner,high_risk,0.7188247783587219,0
SME100046,business_owner,high_risk,0.7188097726208217,1
SME163521,business_owner,high_risk,0.7187814762687984,0
SME137748,business_owner,high_risk,0.7187743547043131,0
SME165976,business_owner,high_risk,0.718772183917929,0
SME138626,business_owner,medium_risk,0.718769502034685,0
SME139047,business_owner,high_risk,0.7187693002712937,1
SME185870,business_owner,high_risk,0.7187550007408589,0
SME159489,business_owner,high_risk,0.7187492259610885,0
SME199592,business_owner,high_risk,0.718749005658205,0
SME181234,business_owner,high_risk,0.7186706975760714,1
SME156781,business_owner,high_risk,0.718653686801671,0
SME144076,business_owner,high_risk,0.7186270936504732,0
SME189363,business_owner,high_risk,0.7186190968803847,0
SME137386,business_owner,high_risk,0.7186120342918485,0
SME169574,business_owner,medium_risk,0.7186117808292137,0
SME119588,business_owner,high_risk,0.718584980465928,0
SME153004,business_owner,high_risk,0.718554003243522,1
SME132842,business_owner,high_risk,0.7185206398642825,0
SME108795,business_owner,high_risk,0.7185048789083708,0
SME174362,business_owner,high_risk,0.7184905804261058,0
SME159508,business_owner,medium_risk,0.7184385731873113,0
SME168567,business_owner,high_risk,0.7184171117565377,0
SME136387,business_owner,high_risk,0.7183884069275858,1
SME141821,business_owner,high_risk,0.7183632475333664,0
SME194564,business_owner,high_risk,0.7182881767521044,0
SME124583,business_owner,high_risk,0.7182711489898449,0
SME119525,business_owner,high_risk,0.7181807407659038,0
SME199581,business_owner,high_risk,0.7181670589520511,0
SME177267,business_owner,high_risk,0.7181204938401914,1
SME165926,business_owner,high_risk,0.7180980939332301,0
SME198564,business_owner,high_risk,0.7180976502812951,1
SME116290,business_owner,high_risk,0.7180863444315905,1
SME117610,business_owner,high_risk,0.7180564767442971,0
SME174702,business_owner,high_risk,0.7180422200703874,0
SME156641,business_owner,high_risk,0.7180175648059932,0
SME170787,business_owner,high_risk,0.7179856792337211,0
SME127921,business_owner,high_risk,0.7179634722823666,0
SME125434,business_owner,high_risk,0.7179544162346082,0
SME107725,business_owner,high_risk,0.7179477367785453,1
SME181564,business_owner,high_risk,0.7179313636064498,1
SME117491,business_owner,high_risk,0.7179174141522845,0
SME194740,business_owner,high_risk,0.7178664379186528,1
SME118492,business_owner,high_risk,0.7178346515426636,0
SME129134,business_owner,high_risk,0.7178261572486375,1
SME168518,business_owner,high_risk,0.7177786443727956,1
SME156485,business_owner,high_risk,0.7177776783450078,0
SME196236,business_owner,high_risk,0.7177222370600002,0
SME171677,business_owner,high_risk,0.7177081897309411,1
SME103702,business_owner,high_risk,0.7177067464460065,0
SME187554,business_owner,high_risk,0.717700550091946,1
SME188204,business_owner,high_risk,0.7176454047459547,0
SME145748,business_owner,high_risk,0.717645102051069,1
SME164776,business_owner,high_risk,0.7176134845012563,0
SME124731,business_owner,high_risk,0.7175701807735094,1
SME149125,business_owner,high_risk,0.7175662140661865,1
SME170519,business_owner,high_risk,0.7175449123717699,0
SME140976,business_owner,high_risk,0.7175304023976956,1
SME172084,business_owner,high_risk,0.7174791494484102,0
SME175651,business_owner,high_risk,0.7174776979194477,0
SME184436,business_owner,high_risk,0.7174702969578131,0
SME114118,business_owner,high_risk,0.7174540553378254,1
SME118132,business_owner,medium_risk,0.7174060218583117,0
SME109115,business_owner,high_risk,0.7173803269989637,0
SME126682,business_owner,high_risk,0.7173372638044988,1
SME158561,business_owner,high_risk,0.7173113173041067,1
SME181066,business_owner,high_risk,0.717260780155292,0
SME118723,business_owner,medium_risk,0.7172201552156376,1
SME121908,business_owner,high_risk,0.7171853213977424,1
SME177078,business_owner,high_risk,0.717150503936343,1
SME116995,business_owner,high_risk,0.717148600674337,0
SME143706,business_owner,high_risk,0.7170538104005925,1
SME149002,business_owner,high_risk,0.7170268572871775,1
SME119184,business_owner,high_risk,0.7169944961248836,0
SME156235,business_owner,high_risk,0.716963474629183,1
SME114859,business_owner,high_risk,0.7169326171220839,0
SME149117,business_owner,high_risk,0.7169096254181823,1
SME170291,business_owner,high_risk,0.7168612834361995,0
SME124773,business_owner,high_risk,0.7168384543861673,0
SME186004,business_owner,high_risk,0.7168264568269864,0
SME195107,business_owner,high_risk,0.7167887499881388,0
SME188221,business_owner,high_risk,0.7167642971396634,1
SME117309,business_owner,high_risk,0.7167590129326347,1
SME142554,business_owner,high_risk,0.7167208685837737,0
SME188350,business_owner,high_risk,0.7166548454677432,0
SME170781,business_owner,high_risk,0.716613171538026,0
SME188154,business_owner,high_risk,0.7165703579029739,1
SME168387,business_owner,high_risk,0.7165634192327219,0
SME130762,business_owner,high_risk,0.7165300220240025,0
SME185638,business_owner,high_risk,0.7165207535148432,1
SME147853,business_owner,high_risk,0.7165118618923794,1
SME135483,business_owner,medium_risk,0.716505516386609,1
SME129901,business_owner,medium_risk,0.7164927438709665,0
SME189395,business_owner,high_risk,0.7164736834980916,0
SME162013,business_owner,high_risk,0.716456567823629,0
SME102896,business_owner,high_risk,0.716438620633486,0
SME142300,business_owner,high_risk,0.7164151194922871,0
SME143795,business_owner,high_risk,0.7164022645758757,1
SME176814,business_owner,high_risk,0.7163990129083831,1
SME106957,business_owner,high_risk,0.7163772636054135,0
SME126184,business_owner,high_risk,0.7162614535531984,1
SME181426,business_owner,medium_risk,0.7162528283658682,0
SME158310,business_owner,high_risk,0.7162511924000198,1
SME127391,business_owner,high_risk,0.7162346925782654,0
SME103916,business_owner,medium_risk,0.7161608848666633,1
SME184186,business_owner,high_risk,0.7161499742315586,1
SME135055,business_owner,high_risk,0.7161491703708273,0
SME129094,business_owner,high_risk,0.7161243511359033,1
SME182008,business_owner,high_risk,0.7160844985228195,1
SME128457,business_owner,high_risk,0.7160621680261063,0
SME165488,business_owner,high_risk,0.7160552738206734,0
SME187694,business_owner,high_risk,0.7159983052135573,1
SME123246,business_owner,high_risk,0.7159777457603731,1
SME123668,business_owner,high_risk,0.7159572196208791,1
SME118070,business_owner,high_risk,0.7159263092984324,0
SME138783,business_owner,high_risk,0.7158240610190172,1
SME136306,business_owner,high_risk,0.715792943047537,0
SME194102,business_owner,high_risk,0.7157783051381319,0
SME175572,business_owner,high_risk,0.7157654987516237,1
SME181879,business_owner,high_risk,0.7157526725662277,1
SME155580,business_owner,high_risk,0.7157176863274496,1
SME133747,business_owner,high_risk,0.7156960748269349,0
SME142932,business_owner,medium_risk,0.7156821342837623,0
SME101500,business_owner,high_risk,0.715646489538801,1
SME100841,business_owner,medium_risk,0.7156198946667979,0
SME189744,business_owner,high_risk,0.7155823411295179,1
SME197877,business_owner,high_risk,0.7155306720388306,1
SME140045,business_owner,high_risk,0.7155269278301499,0
SME130960,business_owner,high_risk,0.7154581733900803,0
SME121892,business_owner,high_risk,0.715427863169526,0
SME100587,business_owner,medium_risk,0.7153891704766898,0
SME129552,business_owner,high_risk,0.7153741130805242,0
SME133107,business_owner,high_risk,0.715363507974593,0
SME156951,business_owner,high_risk,0.7153564997816027,0
SME142531,business_owner,high_risk,0.715242109226376,1
SME129406,business_owner,high_risk,0.7152364598007086,0
SME152214,business_owner,high_risk,0.7152330915265868,1
SME193244,business_owner,high_risk,0.7151642864856796,1
SME154084,business_owner,high_risk,0.7151112230149206,1
SME117894,business_owner,high_risk,0.7151004106797219,1
SME143920,business_owner,medium_risk,0.7150653468627486,1
SME179171,business_owner,high_risk,0.7150296447339466,1
SME159472,business_owner,high_risk,0.7150027810129975,1
SME139740,business_owner,high_risk,0.7150012292158848,0
SME163309,business_owner,medium_risk,0.7149990100687835,1
SME110009,business_owner,high_risk,0.7149812569361491,0
SME122380,business_owner,medium_risk,0.7149807356941582,0
SME198331,business_owner,high_risk,0.7149730943951287,0
SME135641,business_owner,high_risk,0.7149239028007188,0
SME166077,business_owner,high_risk,0.7149111410206138,0
SME135972,business_owner,high_risk,0.714869685517862,0
SME163023,business_owner,medium_risk,0.7148661672699046,1
SME120634,business_owner,medium_risk,0.714852303696599,0
SME140372,business_owner,high_risk,0.7148265597957183,0
SME173061,business_owner,high_risk,0.7148069444015105,1
SME195576,business_owner,high_risk,0.7147648077837496,1
SME117063,business_owner,high_risk,0.7146724164230607,0
SME184833,business_owner,high_risk,0.714671988619819,0
SME162889,business_owner,high_risk,0.7146183720507816,1
SME116671,business_owner,high_risk,0.7145521665579324,0
SME176219,business_owner,medium_risk,0.7145274417073222,0
SME184047,business_owner,high_risk,0.7145215714495115,0
SME116228,business_owner,high_risk,0.7144921706605204,0
SME101918,business_owner,high_risk,0.7144376398416499,1
SME120032,business_owner,high_risk,0.7144359033462341,0
SME124358,business_owner,high_risk,0.7144355426714787,1
SME108547,business_owner,high_risk,0.7144152977416997,1
SME122663,business_owner,high_risk,0.7143987196243474,1
SME146390,business_owner,high_risk,0.7143836725332883,1
SME117873,business_owner,high_risk,0.7143817802021941,1
SME147078,business_owner,high_risk,0.7143650604780409,0
SME159538,business_owner,high_risk,0.7143514973391619,0
SME147521,business_owner,high_risk,0.7143332713257622,0
SME168817,business_owner,high_risk,0.7143320700359312,0
SME171281,business_owner,high_risk,0.7143238455519699,0
SME180340,business_owner,high_risk,0.7142740415389283,0
SME194516,business_owner,medium_risk,0.7142506599671797,1
SME162590,business_owner,high_risk,0.7142488683467453,1
SME105088,business_owner,high_risk,0.7142069473278049,0
SME141093,business_owner,high_risk,0.7141739939836258,1
SME186437,business_owner,high_risk,0.7141736935042191,1
SME132075,business_owner,high_risk,0.7141508151827709,1
SME142931,business_owner,high_risk,0.7141114478866765,1
SME183275,business_owner,medium_risk,0.7140739709471889,0
SME111751,business_owner,high_risk,0.7140350812807327,0
SME191454,business_owner,high_risk,0.7140226498806097,0
SME189539,business_owner,high_risk,0.7140098047165576,0
SME196629,business_owner,high_risk,0.7139425668294737,0
SME120520,business_owner,high_risk,0.7139288928931006,0
SME105931,business_owner,high_risk,0.7139158192779457,0
SME180286,business_owner,high_risk,0.7138978310853833,0
SME155240,business_owner,high_risk,0.713895343262931,1
SME187505,business_owner,high_risk,0.7138890250042365,0
SME186032,business_owner,high_risk,0.7138531068785795,1
SME139961,business_owner,high_risk,0.7138366777369874,1
SME161390,business_owner,high_risk,0.7138201772652085,1
SME167430,business_owner,high_risk,0.7138121623370569,0
SME121338,business_owner,medium_risk,0.7137932616777473,1
SME141848,business_owner,high_risk,0.7137446613978239,0
SME181177,business_owner,high_risk,0.7137403177281442,1
SME167326,business_owner,high_risk,0.713731175594468,0
SME187941,business_owner,high_risk,0.7137230182998805,0
SME112851,business_owner,high_risk,0.7136991817363461,0
SME114377,business_owner,high_risk,0.7136415585985595,1
SME198100,business_owner,medium_risk,0.7136236993184617,0
SME117809,business_owner,medium_risk,0.7136221688816906,0
SME125598,business_owner,high_risk,0.7136201970857203,1
SME133746,business_owner,high_risk,0.713580626797673,1
SME128914,business_owner,high_risk,0.7135778552518527,0
SME123583,business_owner,high_risk,0.7135244340296113,1
SME182625,business_owner,high_risk,0.7135045740007575,1
SME171289,business_owner,high_risk,0.7134955020769522,1
SME188784,business_owner,high_risk,0.7134266091651603,1
SME119851,business_owner,high_risk,0.7134217451087767,1
SME144975,business_owner,high_risk,0.7133983609897456,0
SME135754,business_owner,high_risk,0.713369281356745,1
SME190247,business_owner,high_risk,0.7133517828153004,0
SME177866,business_owner,high_risk,0.713269138846249,1
SME176637,business_owner,high_risk,0.7132452899025166,0
SME142451,business_owner,high_risk,0.7132372867760075,0
SME136008,business_owner,high_risk,0.7132241212661756,0
SME126361,business_owner,medium_risk,0.7132227461762086,1
SME193344,business_owner,medium_risk,0.713185525314523,1
SME145056,business_owner,high_risk,0.7131753939719471,0
SME192635,business_owner,high_risk,0.7131407411364312,1
SME140139,business_owner,medium_risk,0.7131125973682934,1
SME118269,business_owner,medium_risk,0.7130855095074109,0
SME109077,business_owner,high_risk,0.7130775110885144,0
SME190598,business_owner,high_risk,0.7130617837174094,0
SME154486,business_owner,high_risk,0.7130267523207372,0
SME100589,business_owner,high_risk,0.7130042502045343,0
SME142826,business_owner,high_risk,0.7129496376944917,0
SME162711,business_owner,high_risk,0.712917052143672,0
SME110953,business_owner,high_risk,0.7129117196356699,0
SME199020,business_owner,high_risk,0.7128918086849656,0
SME158613,business_owner,high_risk,0.7128042117633262,0
SME104118,business_owner,medium_risk,0.712802076462049,0
SME149929,business_owner,high_risk,0.7128015761146522,0
SME169387,business_owner,high_risk,0.7127656035970102,1
SME129904,business_owner,medium_risk,0.712744096822973,0
SME187910,business_owner,medium_risk,0.7127263093192912,1
SME182538,business_owner,medium_risk,0.7127143979685633,0
SME196923,business_owner,high_risk,0.712710143075298,0
SME171457,business_owner,medium_risk,0.7126688955633911,0
SME196516,business_owner,high_risk,0.7126262319655888,0
SME196661,business_owner,high_risk,0.7126248359960431,1
SME170312,business_owner,high_risk,0.7126190781919798,1
SME153270,business_owner,high_risk,0.7126159002300156,0
SME142405,business_owner,high_risk,0.7125156093746284,0
SME179808,business_owner,high_risk,0.7124847242491585,0
SME183305,business_owner,high_risk,0.7124431098327842,1
SME112598,business_owner,high_risk,0.7124297660360015,0
SME128002,business_owner,high_risk,0.7124057901435574,0
SME185917,business_owner,high_risk,0.7123895537273339,0
SME131754,business_owner,high_risk,0.7123832243634445,0
SME159771,business_owner,high_risk,0.7123786784534142,1
SME145543,business_owner,high_risk,0.7123605131961958,0
SME146896,business_owner,high_risk,0.7123325937075796,0
SME172013,business_owner,high_risk,0.7123221288454051,0
SME148681,business_owner,high_risk,0.7123153973306235,0
SME171560,business_owner,high_risk,0.7122748022085115,0
SME124730,business_owner,high_risk,0.7122505673964268,1
SME123199,business_owner,high_risk,0.712246591587068,0
SME196922,business_owner,high_risk,0.7122372767545677,0
SME195027,business_owner,high_risk,0.7122004453960152,0
SME103806,business_owner,high_risk,0.7121964729255441,1
SME116861,business_owner,high_risk,0.7121891676593783,0
SME157117,business_owner,high_risk,0.7121714577536801,0
SME139093,business_owner,medium_risk,0.7121669358791674,1
SME162421,business_owner,high_risk,0.712139585889655,0
SME195736,business_owner,high_risk,0.7121244745338653,1
SME135974,business_owner,high_risk,0.7121050249826952,0
SME145806,business_owner,high_risk,0.7120834453658627,1
SME193968,business_owner,high_risk,0.7120743641646167,0
SME166539,business_owner,high_risk,0.7120552176160907,1
SME173013,business_owner,medium_risk,0.7120164131384017,1
SME138565,business_owner,high_risk,0.711976868471552,0
SME172995,business_owner,high_risk,0.7118613628927168,0
SME128017,business_owner,high_risk,0.7118591557535469,1
SME192139,business_owner,high_risk,0.7118538164208101,1
SME142643,business_owner,high_risk,0.7118036353937373,0
SME182461,business_owner,high_risk,0.7117928172792125,1
SME199356,business_owner,high_risk,0.7117866449590231,0
SME131289,business_owner,high_risk,0.7117357536889466,0
SME170413,business_owner,high_risk,0.711707832513412,1
SME187647,business_owner,high_risk,0.7117063001489571,0
SME171157,business_owner,medium_risk,0.7116561268408466,0
SME121311,business_owner,high_risk,0.7115654434081049,0
SME124071,business_owner,high_risk,0.7115392840294132,1
SME178105,business_owner,high_risk,0.7115270727823096,1
SME130488,business_owner,high_risk,0.7115032091023052,0
SME140798,business_owner,medium_risk,0.711500641360379,0
SME136794,business_owner,high_risk,0.7114783939763552,1
SME157036,business_owner,high_risk,0.7114721544387175,0
SME120260,business_owner,medium_risk,0.7114410315688312,1
SME138530,business_owner,high_risk,0.7114399968070555,1
SME155417,business_owner,high_risk,0.7113968398296268,1
SME163873,business_owner,high_risk,0.7113811820044263,1
SME113076,business_owner,high_risk,0.7113767534224565,1
SME192468,business_owner,high_risk,0.7113565231495068,1
SME198044,business_owner,high_risk,0.7113378317386266,1
SME133697,business_owner,high_risk,0.7113102470419352,1
SME110939,business_owner,high_risk,0.7112708457243437,1
SME138791,business_owner,high_risk,0.7112559237787769,0
SME107576,business_owner,medium_risk,0.7112558281179407,0
SME177343,business_owner,high_risk,0.7112526347986495,0
SME101803,business_owner,high_risk,0.7111942744980886,1
SME174257,business_owner,high_risk,0.7111930297724262,1
SME106319,business_owner,high_risk,0.7111298460308909,1
SME153590,business_owner,high_risk,0.7111087178102078,0
SME182297,business_owner,high_risk,0.7110397187162075,0
SME141810,business_owner,high_risk,0.7110393288551008,0
SME104973,business_owner,high_risk,0.7110353448725893,1
SME141404,business_owner,high_risk,0.7110324014239557,1
SME153194,business_owner,high_risk,0.7110262920765308,1
SME149236,business_owner,high_risk,0.7110147616022442,0
SME103278,business_owner,high_risk,0.7110102071716554,0
SME121135,business_owner,high_risk,0.7109570161212162,0
SME120756,business_owner,high_risk,0.710951264798716,1
SME118225,business_owner,high_risk,0.7109446776915417,0
SME165910,business_owner,high_risk,0.710905601959293,1
SME121551,business_owner,high_risk,0.7108861579025954,1
SME157620,business_owner,high_risk,0.7108554903665456,0
SME177108,business_owner,high_risk,0.7108465407586043,0
SME180251,business_owner,medium_risk,0.7108112797096483,0
SME113919,business_owner,high_risk,0.7108100960548336,0
SME136701,business_owner,high_risk,0.710788723562923,1
SME119246,business_owner,high_risk,0.710776287318573,0
SME102850,business_owner,high_risk,0.710718150211101,0
SME138240,business_owner,high_risk,0.7106971849341744,1
SME183534,business_owner,high_risk,0.7106892805009697,0
SME101592,business_owner,high_risk,0.7106769897089756,0
SME129606,business_owner,medium_risk,0.7106454510271321,1
SME116754,business_owner,high_risk,0.7106321820657174,0
SME160870,business_owner,high_risk,0.7106082343045865,1
SME186035,business_owner,high_risk,0.7105887746371908,0
SME117467,business_owner,medium_risk,0.7105795767178693,0
SME142116,business_owner,medium_risk,0.7105744166184454,1
SME182151,business_owner,medium_risk,0.7105573625246776,1
SME170360,business_owner,high_risk,0.7105556151249668,0
SME167599,business_owner,high_risk,0.710542671396643,1
SME183089,business_owner,high_risk,0.7105185652014854,1
SME112392,business_owner,high_risk,0.7105107116290847,1
SME111652,business_owner,medium_risk,0.7105090796956659,0
SME143961,business_owner,high_risk,0.7103762915191233,0
SME116321,business_owner,medium_risk,0.710374168618801,1
SME106453,business_owner,high_risk,0.7103668015276201,1
SME108794,business_owner,high_risk,0.710351483325522,1
SME167053,business_owner,medium_risk,0.7103352769366587,0
SME129569,business_owner,high_risk,0.7103294498494982,0
SME142990,business_owner,high_risk,0.710329382641911,1
SME184720,business_owner,high_risk,0.7103194431887818,1
SME147823,business_owner,high_risk,0.710297295073305,0
SME102346,business_owner,high_risk,0.7102416393484917,0
SME170321,business_owner,high_risk,0.7102248064134377,0
SME160169,business_owner,high_risk,0.7102119830457609,0
SME194478,business_owner,high_risk,0.7101813031230196,0
SME177340,business_owner,medium_risk,0.7101772231428324,0
SME198285,business_owner,high_risk,0.7101673325505542,0
SME186765,business_owner,medium_risk,0.7101539022309921,0
SME120815,business_owner,medium_risk,0.7101486370293929,1
SME188355,business_owner,high_risk,0.7101262443617199,0
SME153007,business_owner,medium_risk,0.7101193372403911,1
SME147484,business_owner,high_risk,0.7101174803623963,0
SME112127,business_owner,high_risk,0.710107261449281,0
SME107299,business_owner,high_risk,0.7101062226275532,1
SME199820,business_owner,medium_risk,0.7100995753824721,0
SME198956,business_owner,high_risk,0.7100796851185331,0
SME174389,business_owner,medium_risk,0.7100686225976411,1
SME177890,business_owner,medium_risk,0.7100470015961404,1
SME140833,business_owner,high_risk,0.7100162504475539,0
SME177637,business_owner,high_risk,0.709983382011071,0
SME181158,business_owner,high_risk,0.7099777134275861,0
SME187387,business_owner,medium_risk,0.7099354658667244,0
SME163861,business_owner,high_risk,0.7099117693870418,0
SME151234,business_owner,high_risk,0.7099056555412717,1
SME170941,business_owner,medium_risk,0.7098908133315918,0
SME165696,business_owner,high_risk,0.7098907029373461,1
SME150782,business_owner,high_risk,0.7098828669354345,0
SME114393,business_owner,high_risk,0.7098150563510399,1
SME151805,business_owner,high_risk,0.7098121716656172,1
SME183138,business_owner,high_risk,0.7098083617727976,1
SME135793,business_owner,high_risk,0.7097894228438114,1
SME113427,business_owner,high_risk,0.7097882082393019,1
SME183461,business_owner,high_risk,0.7097690207496977,0
SME100262,business_owner,high_risk,0.7097351819512752,0
SME115758,business_owner,medium_risk,0.70969853428621,1
SME176890,business_owner,medium_risk,0.7096864984617149,0
SME123714,business_owner,high_risk,0.7096542405895032,0
SME131161,business_owner,high_risk,0.7096483662660729,0
SME107072,business_owner,high_risk,0.7096474776339806,0
SME158366,business_owner,high_risk,0.7096389776517434,0
SME179823,business_owner,high_risk,0.7096186591445539,0
SME172786,business_owner,high_risk,0.7096068411884664,0
SME199354,business_owner,high_risk,0.7095998664136012,0
SME148362,business_owner,high_risk,0.7095759971628335,1
SME141114,business_owner,high_risk,0.709574817082242,0
SME195540,business_owner,high_risk,0.709555002209257,1
SME186482,business_owner,medium_risk,0.7095367088662448,0
SME174590,business_owner,medium_risk,0.7094917636886663,0
SME119141,business_owner,high_risk,0.7094847971042159,1
SME176615,business_owner,high_risk,0.709481567182817,0
SME113330,business_owner,high_risk,0.7094737246631786,1
SME143444,business_owner,medium_risk,0.7094682870753488,1
SME125318,business_owner,high_risk,0.7094659364340233,0
SME131630,business_owner,high_risk,0.7094046214730186,1
SME166949,business_owner,high_risk,0.709403324280653,1
SME175264,business_owner,medium_risk,0.7094026803036134,1
SME199206,business_owner,high_risk,0.709392191938611,0
SME129447,business_owner,high_risk,0.7093816005642922,0
SME166349,business_owner,medium_risk,0.7093809999351656,0
SME151988,business_owner,high_risk,0.7092891288955389,1
SME133973,business_owner,high_risk,0.70926317580942,0
SME159445,business_owner,high_risk,0.7092195604501205,0
SME181335,business_owner,medium_risk,0.7092175756556456,1
SME142177,business_owner,high_risk,0.7092138368547811,0
SME186130,business_owner,medium_risk,0.7092067069531053,0
SME124769,business_owner,high_risk,0.7091992548801569,0
SME116414,business_owner,high_risk,0.7091789654106484,0
SME174238,business_owner,high_risk,0.7091519508609667,0
SME155719,business_owner,high_risk,0.7091210100586832,0
SME190823,business_owner,high_risk,0.7091096163333013,0
SME162739,business_owner,medium_risk,0.7090613529175783,0
SME169280,business_owner,high_risk,0.7090526631680537,0
SME104795,business_owner,high_risk,0.7090223029326301,0
SME166460,business_owner,medium_risk,0.7090058808793398,1
SME183788,business_owner,medium_risk,0.7090022253002564,0
SME193353,business_owner,medium_risk,0.7090019187857961,1
SME158689,business_owner,medium_risk,0.708990294157231,0
SME190975,business_owner,high_risk,0.7089824356602953,1
SME165980,business_owner,high_risk,0.7089740450686642,1
SME142255,business_owner,high_risk,0.70896792041016,1
SME151427,business_owner,high_risk,0.7089462280281776,0
SME115544,business_owner,high_risk,0.708943442538966,1
SME179112,business_owner,high_risk,0.708933955725284,1
SME189463,business_owner,high_risk,0.7089223180094152,0
SME153884,business_owner,high_risk,0.7089124839278935,0
SME164765,business_owner,high_risk,0.7088925036006205,0
SME169615,business_owner,high_risk,0.7088404072920887,1
SME130866,business_owner,high_risk,0.7088333926920783,0
SME194393,business_owner,high_risk,0.7087970080511181,0
SME121461,business_owner,high_risk,0.7087881917468798,0
SME186643,business_owner,high_risk,0.7087835779660369,1
SME123067,business_owner,high_risk,0.7087830741573949,0
SME117624,business_owner,high_risk,0.7086816269641621,1
SME128895,business_owner,high_risk,0.708678412627851,0
SME171737,business_owner,high_risk,0.7086027460151763,1
SME116651,business_owner,high_risk,0.708590972701034,0
SME124021,business_owner,medium_risk,0.7085478961004612,0
SME176595,business_owner,medium_risk,0.7085413875137716,0
SME169059,business_owner,high_risk,0.7085022147344195,0
SME191988,business_owner,medium_risk,0.7084975712375875,1
SME187622,business_owner,medium_risk,0.7084924680244786,1
SME118325,business_owner,high_risk,0.7084864764384151,0
SME121754,business_owner,high_risk,0.7084756896565169,1
SME113328,business_owner,high_risk,0.7084621449219415,1
SME178131,business_owner,high_risk,0.708437540925764,0
SME148089,business_owner,high_risk,0.708411643327004,0
SME124181,business_owner,medium_risk,0.708407194262182,1
SME116240,business_owner,high_risk,0.7083680707163477,1
SME122654,business_owner,medium_risk,0.7083387503378644,1
SME133869,business_owner,high_risk,0.7083312513223742,0
SME182809,business_owner,medium_risk,0.7083226474132038,0
SME146706,business_owner,high_risk,0.7083220714131964,0
SME165628,business_owner,high_risk,0.7082992717768744,1
SME102945,business_owner,high_risk,0.7082942476260699,1
SME124647,business_owner,high_risk,0.7082841958992822,0
SME181919,business_owner,high_risk,0.7082778235184564,1
SME125353,business_owner,medium_risk,0.7082586366792885,0
SME104360,business_owner,high_risk,0.708243092542841,0
SME126260,business_owner,high_risk,0.7081477877654477,1
SME105169,business_owner,high_risk,0.7081457919138958,0
SME172598,business_owner,high_risk,0.708124109536329,0
SME140626,business_owner,high_risk,0.7080918918462172,1
SME106169,business_owner,high_risk,0.7080498145243511,0
SME131847,business_owner,high_risk,0.7079642019943024,1
SME179762,business_owner,high_risk,0.7079276669522967,1
SME144640,business_owner,high_risk,0.7079205935119883,1
SME106770,business_owner,high_risk,0.707889457313082,1
SME153458,business_owner,high_risk,0.7078639691746731,1
SME168517,business_owner,high_risk,0.7078292895287902,0
SME114247,business_owner,high_risk,0.7078222803461721,0
SME151397,business_owner,high_risk,0.7077991277822986,0
SME156824,business_owner,medium_risk,0.7077927422923272,1
SME131569,business_owner,high_risk,0.7077804925236194,0
SME129271,business_owner,high_risk,0.7077801553308264,1
SME178825,business_owner,high_risk,0.7077699380327194,0
SME173371,business_owner,medium_risk,0.7077609959250976,0
SME147341,business_owner,high_risk,0.7077454948856956,1
SME192634,business_owner,medium_risk,0.707741352809295,0
SME110698,business_owner,high_risk,0.7077209082004765,0
SME178446,business_owner,medium_risk,0.7077130407859554,1
SME152298,business_owner,high_risk,0.7076971218948854,1
SME149589,business_owner,high_risk,0.7076895517797469,0
SME184213,business_owner,high_risk,0.7076871723282955,0
SME149725,business_owner,medium_risk,0.7076870135107278,0
SME128133,business_owner,medium_risk,0.7076657578498189,1
SME134112,business_owner,high_risk,0.7076518182138422,0
SME179985,business_owner,high_risk,0.7076472531883392,0
SME179139,business_owner,high_risk,0.7076383623427629,0
SME180276,business_owner,high_risk,0.707592205368279,0
SME113033,business_owner,high_risk,0.7075861360714701,1
SME166771,business_owner,high_risk,0.7075782546528327,0
SME160266,business_owner,high_risk,0.7075536606486467,1
SME111674,business_owner,medium_risk,0.7075523861339345,0
SME126883,business_owner,medium_risk,0.7075089227847955,1
SME135371,business_owner,high_risk,0.7075018011220023,0
SME104985,business_owner,high_risk,0.7074764103586931,1
SME112919,business_owner,high_risk,0.7074749544920639,1
SME107153,business_owner,high_risk,0.7074695773819549,0
SME180174,business_owner,high_risk,0.7074647697122644,1
SME132886,business_owner,high_risk,0.7074371519883379,0
SME105798,business_owner,high_risk,0.7074308878277978,1
SME171584,business_owner,medium_risk,0.7074268465467657,1
SME117229,business_owner,high_risk,0.7074112892641408,0
SME141681,business_owner,high_risk,0.7074073076515368,0
SME197473,business_owner,medium_risk,0.7073924368033613,0
SME107499,business_owner,high_risk,0.7073436650456087,1
SME118771,business_owner,high_risk,0.7073263638196339,0
SME162345,business_owner,high_risk,0.70732612290523,0
SME105460,business_owner,high_risk,0.7073054746754767,0
SME100606,business_owner,high_risk,0.7072844196300492,0
SME117643,business_owner,medium_risk,0.7072791415477078,1
SME147142,business_owner,high_risk,0.7072624683245979,0
SME149945,business_owner,high_risk,0.7072620283265505,0
SME145005,business_owner,high_risk,0.7072573821885091,1
SME114753,business_owner,high_risk,0.7072401592340014,0
SME169501,business_owner,high_risk,0.7072115555548418,0
SME168774,business_owner,high_risk,0.7071975712628716,1
SME107996,business_owner,high_risk,0.7071811750746404,0
SME179650,business_owner,medium_risk,0.7071722647690295,0
SME136675,business_owner,high_risk,0.7071618847889697,0
SME122638,business_owner,medium_risk,0.7071178295904914,0
SME177741,business_owner,medium_risk,0.7071057776341321,1
SME115328,business_owner,high_risk,0.7070850750232837,0
SME118043,business_owner,high_risk,0.7070813931904597,1
SME164639,business_owner,high_risk,0.7070754679245583,1
SME108340,business_owner,medium_risk,0.7070487643908955,0
SME131215,business_owner,medium_risk,0.7070482106086425,0
SME172283,business_owner,medium_risk,0.7070299400868612,1
SME175940,business_owner,medium_risk,0.7070074237436557,1
SME189361,business_owner,high_risk,0.7069989364680878,0
SME101841,business_owner,high_risk,0.7069766779145381,0
SME199093,business_owner,high_risk,0.7069518206436763,0
SME168505,business_owner,medium_risk,0.706935347510757,1
SME121251,business_owner,high_risk,0.7069269483868019,1
SME158476,business_owner,high_risk,0.7069232168114623,0
SME108196,business_owner,medium_risk,0.7069004446726584,1
SME179248,business_owner,high_risk,0.7068968764204497,1
SME199777,business_owner,high_risk,0.7068892929510314,1
SME197362,business_owner,high_risk,0.7068746931125217,0
SME167873,business_owner,high_risk,0.7068636729642453,0
SME182068,business_owner,high_risk,0.7068318452086977,1
SME161073,business_owner,high_risk,0.7068179733819391,1
SME176071,business_owner,high_risk,0.7067962844658267,0
SME198868,business_owner,medium_risk,0.7067628373223451,1
SME194704,business_owner,high_risk,0.706762268557506,1
SME126977,business_owner,medium_risk,0.7067362112448489,1
SME136178,business_owner,high_risk,0.7066924548134191,0
SME154400,business_owner,high_risk,0.7066860569060895,0
SME161624,business_owner,medium_risk,0.7066422023442512,1
SME149279,business_owner,high_risk,0.7066336591360882,0
SME138011,business_owner,medium_risk,0.7066137479819866,1
SME167217,business_owner,high_risk,0.7066112656141637,0
SME193780,business_owner,high_risk,0.7065806168602934,1
SME122640,business_owner,high_risk,0.7065290899897619,1
SME190745,business_owner,high_risk,0.7064820114540371,0
SME133801,business_owner,high_risk,0.706473418508411,0
SME182403,business_owner,high_risk,0.7064705535022768,1
SME142380,business_owner,high_risk,0.7064325286197031,0
SME160982,business_owner,high_risk,0.7064300908305269,0
SME124512,business_owner,high_risk,0.7064108401986865,0
SME145868,business_owner,medium_risk,0.7064048297908022,1
SME135876,business_owner,high_risk,0.706338501938853,1
SME147999,business_owner,high_risk,0.7063351203298223,0
SME107823,business_owner,medium_risk,0.7063108770296033,0
SME150796,business_owner,medium_risk,0.7063087376552512,0
SME188686,business_owner,high_risk,0.7063085907352031,1
SME125421,business_owner,high_risk,0.706299620344337,0
SME198159,business_owner,medium_risk,0.7062870075752105,1
SME180233,business_owner,medium_risk,0.7062704655562729,0
SME146429,business_owner,high_risk,0.7062671098623095,0
SME136463,business_owner,high_risk,0.7062501405562069,1
SME132203,business_owner,high_risk,0.7062430663700089,1
SME167088,business_owner,high_risk,0.7062288775008907,0
SME106836,business_owner,high_risk,0.7061828503454404,0
SME159842,business_owner,high_risk,0.70611854110236,1
SME107285,business_owner,high_risk,0.7061005813243896,0
SME126723,business_owner,medium_risk,0.7060989917895916,0
SME183536,business_owner,high_risk,0.7060711337534452,1
SME130783,business_owner,high_risk,0.7060689418839501,1
SME145229,business_owner,high_risk,0.7060612596557885,0
SME140064,business_owner,high_risk,0.7060607508201512,1
SME120865,business_owner,high_risk,0.7060589099994249,1
SME198254,business_owner,high_risk,0.7060378915407609,1
SME107189,business_owner,high_risk,0.7060257383266911,0
SME192764,business_owner,high_risk,0.7059996188012903,1
SME159331,business_owner,medium_risk,0.7059816428727423,0
SME167460,business_owner,medium_risk,0.7059759445917355,0
SME134972,business_owner,high_risk,0.7059748324461932,1
SME183177,business_owner,high_risk,0.7059671733427483,0
SME116267,business_owner,high_risk,0.7059628789611181,0
SME199195,business_owner,medium_risk,0.7059371896854292,0
SME153232,business_owner,medium_risk,0.7059306105123746,0
SME119486,business_owner,high_risk,0.7059172933535259,1
SME130984,business_owner,medium_risk,0.7059125344811892,1
SME113882,business_owner,high_risk,0.7058560315199756,0
SME127635,business_owner,high_risk,0.7058490278391348,0
SME147557,business_owner,high_risk,0.7057926240545974,1
SME136634,business_owner,medium_risk,0.7057741908465998,0
SME112093,business_owner,high_risk,0.7057594751737901,0
SME196839,business_owner,high_risk,0.7057008907585454,1
SME182672,business_owner,high_risk,0.7056712430416291,1
SME151695,business_owner,high_risk,0.7056539530521677,1
SME138556,business_owner,high_risk,0.7056441270989617,0
SME151764,business_owner,high_risk,0.7056343946837357,0
SME192318,business_owner,medium_risk,0.7056335687173858,0
SME131610,business_owner,high_risk,0.7056163925124992,0
SME198020,business_owner,high_risk,0.7056111187050734,1
SME171842,business_owner,high_risk,0.7056011417586115,0
SME170077,business_owner,high_risk,0.7055953948021012,1
SME100278,business_owner,high_risk,0.7055852641244739,0
SME183009,business_owner,high_risk,0.7055704567576507,1
SME128768,business_owner,high_risk,0.705562072586616,0
SME142187,business_owner,high_risk,0.7055563455529805,1
SME122345,business_owner,high_risk,0.7054627180287202,1
SME138137,business_owner,high_risk,0.7054411219580516,1
SME164708,business_owner,high_risk,0.7054404035699352,1
SME140897,business_owner,high_risk,0.7053825728446955,0
SME128588,business_owner,high_risk,0.7053812579538935,0
SME157270,business_owner,medium_risk,0.7053771689787145,0
SME169273,business_owner,high_risk,0.7053720660399743,0
SME100757,business_owner,high_risk,0.705363594391359,0
SME169431,business_owner,high_risk,0.705354971617301,0
SME161322,business_owner,high_risk,0.7053491161772273,1
SME169357,business_owner,high_risk,0.7053449142422747,0
SME191987,business_owner,high_risk,0.7053277157113226,0
SME125173,business_owner,medium_risk,0.7053003879643067,0
SME186246,business_owner,high_risk,0.7052894530325587,1
SME142525,business_owner,high_risk,0.7052748474160156,1
SME117340,business_owner,high_risk,0.7052649959248996,1
SME165616,business_owner,medium_risk,0.7051925026886987,1
SME122491,business_owner,high_risk,0.7051914521114869,0
SME151722,business_owner,high_risk,0.7051438024483844,0
SME189821,business_owner,high_risk,0.705118230727302,0
SME145093,business_owner,high_risk,0.705107376390278,0
SME174097,business_owner,high_risk,0.7051061058837881,1
SME182894,business_owner,medium_risk,0.7050916690263211,0
SME126857,business_owner,high_risk,0.7050885664232315,1
SME166562,business_owner,medium_risk,0.7050882712614343,1
SME144753,business_owner,high_risk,0.7050203106296633,1
SME170589,business_owner,high_risk,0.7050179106080259,0
SME120109,business_owner,medium_risk,0.705006711007513,1
SME105465,business_owner,high_risk,0.7050029842213708,0
SME193994,business_owner,high_risk,0.705001132376151,1
SME158291,business_owner,medium_risk,0.7049951454866809,0
SME172331,business_owner,high_risk,0.7049638653293875,0
SME160213,business_owner,high_risk,0.704959949341638,1
SME166531,business_owner,high_risk,0.7049408659187734,0
SME126594,business_owner,high_risk,0.704936460279544,0
SME152166,business_owner,high_risk,0.704929222328506,1
SME192215,business_owner,high_risk,0.7048852108254444,0
SME153611,business_owner,high_risk,0.7048791405718301,1
SME145631,business_owner,high_risk,0.704875374401262,0
SME190694,business_owner,medium_risk,0.7048723706625243,1
SME165473,business_owner,high_risk,0.7048614076887442,1
SME114005,business_owner,high_risk,0.7048561364765054,1
SME100612,business_owner,high_risk,0.7048511849407894,1
SME140762,business_owner,medium_risk,0.7048215258210947,0
SME148567,business_owner,medium_risk,0.7048050650794329,1
SME165247,business_owner,high_risk,0.704786216674755,1
SME153084,business_owner,medium_risk,0.7047634477253476,0
SME131583,business_owner,high_risk,0.7047513065652674,1
SME116047,business_owner,high_risk,0.7047384871121859,0
SME140958,business_owner,high_risk,0.7047201218488481,1
SME137158,business_owner,high_risk,0.7046923650520012,0
SME119335,business_owner,high_risk,0.7046891970397259,0
SME103215,business_owner,high_risk,0.7046795490214071,1
SME174111,business_owner,high_risk,0.7046722892593006,0
SME121788,business_owner,high_risk,0.7046692427896133,0
SME111531,business_owner,high_risk,0.7046639858899688,1
SME125307,business_owner,high_risk,0.7046433737459663,0
SME193974,business_owner,medium_risk,0.704642723783509,0
SME185229,business_owner,high_risk,0.7046328013244557,1
SME181525,business_owner,high_risk,0.704623658616867,0
SME133579,business_owner,high_risk,0.7046206197805871,0
SME151880,business_owner,high_risk,0.7046186230665917,0
SME142877,business_owner,high_risk,0.7046060924909355,0
SME131882,business_owner,high_risk,0.70459637127248,1
SME144164,business_owner,high_risk,0.7045885130242137,1
SME144455,business_owner,high_risk,0.7045760084245839,1
SME124032,business_owner,high_risk,0.7045673029904403,0
SME140164,business_owner,high_risk,0.7045668857232392,1
SME162363,business_owner,medium_risk,0.7045422691796699,0
SME197339,business_owner,high_risk,0.7045200309434407,0
SME150534,business_owner,high_risk,0.7044752932086314,1
SME106189,business_owner,medium_risk,0.7044453857886194,1
SME161565,business_owner,medium_risk,0.7044396418463167,0
SME133376,business_owner,high_risk,0.704428824643854,1
SME115177,business_owner,high_risk,0.7044268648529196,0
SME142514,business_owner,high_risk,0.704420562039621,0
SME116070,business_owner,high_risk,0.7044085106639385,1
SME139254,business_owner,medium_risk,0.7044076591969234,1
SME157348,business_owner,high_risk,0.7044068889557307,0
SME132487,business_owner,high_risk,0.7043856763083857,1
SME123601,business_owner,high_risk,0.7043735824220861,1
SME128664,business_owner,medium_risk,0.7043432065555889,0
SME159568,business_owner,high_risk,0.7043427103523847,0
SME105077,business_owner,high_risk,0.7043121169694729,0
SME129050,business_owner,high_risk,0.7042697819390732,0
SME138866,business_owner,high_risk,0.7042690085302418,0
SME100966,business_owner,high_risk,0.7042491295407867,0
SME113939,business_owner,high_risk,0.7042342279264431,0
SME194390,business_owner,high_risk,0.7042120998454308,1
SME114418,business_owner,high_risk,0.7042105306519497,0
SME121518,business_owner,high_risk,0.704140476979173,0
SME133897,business_owner,high_risk,0.704117724027575,1
SME152490,business_owner,high_risk,0.704113573547876,0
SME151445,business_owner,high_risk,0.7041133933601343,1
SME100418,business_owner,high_risk,0.7041109808852303,0
SME121624,business_owner,medium_risk,0.7041083573030289,1
SME187495,business_owner,high_risk,0.7041054509951954,1
SME187882,business_owner,high_risk,0.7040584444911335,0
SME124382,business_owner,medium_risk,0.7040547800146117,0
SME128003,business_owner,high_risk,0.7040458946889541,0
SME106841,business_owner,high_risk,0.7040402138538548,1
SME150457,business_owner,high_risk,0.7040178164606715,0
SME125215,business_owner,medium_risk,0.7040115433563373,1
SME192514,business_owner,high_risk,0.7040030608485762,0
SME110470,business_owner,medium_risk,0.7039975201112232,1
SME158008,business_owner,high_risk,0.7039650753510056,0
SME171981,business_owner,high_risk,0.7039643805101251,0
SME173040,business_owner,medium_risk,0.7039428417884969,1
SME118005,business_owner,medium_risk,0.7039420443664051,0
SME179223,business_owner,high_risk,0.7039212090916471,0
SME104281,business_owner,high_risk,0.7039132215673157,0
SME150839,business_owner,high_risk,0.703909812650491,0
SME146311,business_owner,medium_risk,0.7039048080630653,1
SME134282,business_owner,medium_risk,0.703901688472197,0
SME160060,business_owner,high_risk,0.7038885480369379,1
SME189536,business_owner,high_risk,0.7038797547434898,1
SME165479,business_owner,high_risk,0.7038494486522451,0
SME179964,business_owner,high_risk,0.7038016134576118,1
SME125821,business_owner,high_risk,0.7037911939531147,0
SME134944,business_owner,high_risk,0.7037783302641119,1
SME189933,business_owner,high_risk,0.703760106322234,0
SME115724,business_owner,high_risk,0.7037579664831811,0
SME181812,business_owner,high_risk,0.7037403487363436,0
SME181796,business_owner,high_risk,0.7037350206423352,0
SME186019,business_owner,medium_risk,0.7037287088591462,0
SME117386,business_owner,medium_risk,0.7037233975426562,1
SME106839,business_owner,high_risk,0.7037136916726993,0
SME167081,business_owner,medium_risk,0.7036951862964813,0
SME192810,business_owner,high_risk,0.703690025134047,1
SME180169,business_owner,medium_risk,0.703654504834509,1
SME111197,business_owner,high_risk,0.7036419483327542,1
SME196806,business_owner,high_risk,0.7036359025332505,0
SME189248,business_owner,high_risk,0.703633063488134,1
SME190820,business_owner,high_risk,0.7036255131375801,0
SME192642,business_owner,medium_risk,0.7036116901703682,0
SME133809,business_owner,high_risk,0.7036061651301238,0
SME186943,business_owner,high_risk,0.7036047288912277,0
SME190897,business_owner,high_risk,0.7035739626707529,0
SME188908,business_owner,high_risk,0.7035474831143385,0
SME196145,business_owner,high_risk,0.7035227768861841,1
SME101267,business_owner,high_risk,0.7035194606390438,1
SME191561,business_owner,high_risk,0.7035184266122437,1
SME143715,business_owner,high_risk,0.7035149276115528,1
SME159664,business_owner,medium_risk,0.7035052609294233,0
SME178392,business_owner,high_risk,0.7035043446448287,0
SME163526,business_owner,high_risk,0.7034877505654823,0
SME161833,business_owner,high_risk,0.7034579549902173,1
SME148615,business_owner,high_risk,0.7034477646572772,1
SME141846,business_owner,medium_risk,0.7034122065646431,0
SME193220,business_owner,high_risk,0.703396341317433,0
SME173256,business_owner,high_risk,0.7033756793748766,0
SME160586,business_owner,high_risk,0.7033728681605312,0
SME152478,business_owner,high_risk,0.7033651775077188,1
SME164907,business_owner,high_risk,0.7033489898795587,0
SME185271,business_owner,medium_risk,0.7033438748773029,1
SME130258,business_owner,high_risk,0.7033429787082671,0
SME114855,business_owner,high_risk,0.7033353154699089,1
SME169457,business_owner,high_risk,0.703318875740445,0
SME145713,business_owner,high_risk,0.7033132522531207,1
SME165825,business_owner,high_risk,0.7032592808395403,0
SME117580,business_owner,high_risk,0.703250908203112,1
SME124965,business_owner,medium_risk,0.7032248786631189,0
SME114534,business_owner,high_risk,0.7031961198688885,0
SME159094,business_owner,high_risk,0.7031923682174983,0
SME159302,business_owner,high_risk,0.7031840818836141,1
SME158314,business_owner,high_risk,0.7031769503694358,0
SME173310,business_owner,high_risk,0.7031635665203445,1
SME174586,business_owner,high_risk,0.703155519288521,1
SME167519,business_owner,high_risk,0.7031411506505337,0
SME185695,business_owner,medium_risk,0.7030933401939318,1
SME102617,business_owner,high_risk,0.7030530611430869,1
SME111551,business_owner,high_risk,0.7030160892955148,0
SME196302,business_owner,high_risk,0.7029668994763849,0
SME105841,business_owner,high_risk,0.7029162804724475,0
SME137422,business_owner,high_risk,0.702915948471406,0
SME192390,business_owner,medium_risk,0.7029138215721168,1
SME120261,business_owner,high_risk,0.7028913942639706,1
SME143437,business_owner,high_risk,0.7028812340899978,0
SME128217,business_owner,high_risk,0.702858771594654,0
SME137116,business_owner,medium_risk,0.7028486947506843,0
SME164091,business_owner,high_risk,0.7028453180807517,1
SME183821,business_owner,high_risk,0.7027445641032742,0
SME125539,business_owner,high_risk,0.7027426997339696,1
SME132729,business_owner,high_risk,0.7027370392410094,1
SME125928,business_owner,high_risk,0.7027139969406494,0
SME190222,business_owner,medium_risk,0.7027014864158699,0
SME127286,business_owner,medium_risk,0.7026621527069594,0
SME177152,business_owner,medium_risk,0.7026509656385702,1
SME196242,business_owner,high_risk,0.7026464069454208,0
SME181293,business_owner,high_risk,0.7026329315434465,1
SME172327,business_owner,medium_risk,0.7026327464968196,0
SME186445,business_owner,high_risk,0.7026205408451758,1
SME125777,business_owner,medium_risk,0.7025991028077713,0
SME109947,business_owner,high_risk,0.7025427419790252,0
SME119670,business_owner,high_risk,0.7025417684558111,0
SME177534,business_owner,high_risk,0.7025315240740129,1
SME184639,business_owner,high_risk,0.7025172976318288,1
SME131075,business_owner,medium_risk,0.7025163894088582,0
SME168365,business_owner,high_risk,0.7025134733736885,0
SME196599,business_owner,high_risk,0.7025117919381555,1
SME167254,business_owner,high_risk,0.7024848528214581,1
SME184576,business_owner,high_risk,0.7024803296283767,0
SME106884,business_owner,high_risk,0.7024719680970014,1
SME127016,business_owner,medium_risk,0.7024611472319855,0
SME131724,business_owner,high_risk,0.7024589221668662,0
SME146277,business_owner,medium_risk,0.7024485802067746,1
SME185054,business_owner,high_risk,0.7024117249263989,1
SME195349,business_owner,high_risk,0.7024002158702373,1
SME130844,business_owner,high_risk,0.7023989339489964,0
SME122277,business_owner,high_risk,0.7023733965325379,1
SME109669,business_owner,high_risk,0.7023722063720655,0
SME147799,business_owner,medium_risk,0.7023497949891584,0
SME150479,business_owner,high_risk,0.7023376755464428,1
SME173713,business_owner,high_risk,0.702310180095634,0
SME104788,business_owner,high_risk,0.7023000612544988,0
SME171911,business_owner,high_risk,0.7022643306198278,0
SME116447,business_owner,medium_risk,0.7022495310977899,0
SME121467,business_owner,high_risk,0.7022049416925902,0
SME155435,business_owner,high_risk,0.7021964521040821,1
SME194629,business_owner,high_risk,0.7021934650991881,0
SME180102,business_owner,medium_risk,0.7021852798461498,0
SME104415,business_owner,high_risk,0.7021798740985729,0
SME184062,business_owner,medium_risk,0.7021591222482738,1
SME172525,business_owner,medium_risk,0.7021382109950774,0
SME184034,business_owner,high_risk,0.7021375620484218,0
SME194233,business_owner,high_risk,0.7020871424992664,1
SME170034,business_owner,medium_risk,0.7020837232000321,0
SME187472,business_owner,high_risk,0.7020834817210009,1
SME125203,business_owner,high_risk,0.7020405043916076,1
SME148968,business_owner,high_risk,0.7020394172700756,0
SME142980,business_owner,high_risk,0.7020380275375773,0
SME146230,business_owner,medium_risk,0.7019857289328583,1
SME119712,business_owner,medium_risk,0.7019648080168747,0
SME108074,business_owner,high_risk,0.7019425150516432,1
SME192466,business_owner,high_risk,0.7018920216619144,1
SME130395,business_owner,high_risk,0.7018751747083974,0
SME174059,business_owner,high_risk,0.7018632130276522,0
SME198802,business_owner,high_risk,0.7018237059820214,0
SME195052,business_owner,medium_risk,0.7018220056789376,1
SME123819,business_owner,medium_risk,0.7018121302110899,0
SME154020,business_owner,medium_risk,0.7018061558292797,0
SME189638,business_owner,high_risk,0.7018035647521588,1
SME108692,business_owner,high_risk,0.7018016614407881,1
SME146702,business_owner,high_risk,0.7017875105731856,0
SME148222,business_owner,high_risk,0.7017702135733267,0
SME101716,business_owner,high_risk,0.7017665593433388,0
SME149382,business_owner,high_risk,0.7017519898420544,0
SME113309,business_owner,medium_risk,0.7017497988019333,1
SME155059,business_owner,high_risk,0.7017421550739807,1
SME106601,business_owner,medium_risk,0.7017278779111921,0
SME178830,business_owner,medium_risk,0.7016908717829062,0
SME162190,business_owner,high_risk,0.7016853208753551,0
SME161632,business_owner,high_risk,0.7016574113141881,1
SME102202,business_owner,high_risk,0.7016489068278084,0
SME105996,business_owner,medium_risk,0.7016449258295481,0
SME197887,business_owner,medium_risk,0.7016408149880529,1
SME188395,business_owner,high_risk,0.7016320705392891,0
SME138486,business_owner,high_risk,0.7016294815916166,0
SME118805,business_owner,high_risk,0.7016069301336729,0
SME155866,business_owner,high_risk,0.7015897171357786,1
SME192204,business_owner,high_risk,0.7015719123592811,0
SME164716,business_owner,high_risk,0.7015612925993964,0
SME144070,business_owner,high_risk,0.7015367774815221,0
SME159963,business_owner,high_risk,0.7015012130386866,1
SME147577,business_owner,high_risk,0.7015007193325863,1
SME119148,business_owner,medium_risk,0.7014969690341325,0
SME123750,business_owner,high_risk,0.7014922180017936,0
SME121440,business_owner,high_risk,0.7014739162965632,1
SME132139,business_owner,high_risk,0.7014563740028412,0
SME183494,business_owner,high_risk,0.7014384505396327,0
SME151943,business_owner,high_risk,0.7013617083022644,0
SME102016,business_owner,high_risk,0.7013614402856684,0
SME186323,business_owner,high_risk,0.7013415914149653,1
SME147574,business_owner,high_risk,0.70133646302189,0
SME110929,business_owner,medium_risk,0.7013333150876335,0
SME129074,business_owner,medium_risk,0.7013224073423794,1
SME170164,business_owner,high_risk,0.7013206176791005,0
SME158602,business_owner,high_risk,0.701295974461206,0
SME153352,business_owner,high_risk,0.7012943987006814,1
SME152668,business_owner,high_risk,0.7012917235374005,1
SME102746,business_owner,high_risk,0.7012884724267142,0
SME166221,business_owner,medium_risk,0.7012851296288619,1
SME175955,business_owner,medium_risk,0.7012839394890876,0
SME132481,business_owner,medium_risk,0.7012643626264591,1
SME156908,business_owner,high_risk,0.7012622006126997,0
SME151348,business_owner,high_risk,0.7012523495871318,0
SME140290,business_owner,high_risk,0.7012048629685256,0
SME182950,business_owner,high_risk,0.7011978197044452,0
SME176948,business_owner,high_risk,0.7011807738636499,1
SME156615,business_owner,high_risk,0.7011633310539284,1
SME102631,business_owner,high_risk,0.7011217101063215,0
SME152991,business_owner,high_risk,0.7011154075355573,0
SME183702,business_owner,high_risk,0.7010951881122157,1
SME112729,business_owner,high_risk,0.7010801508653707,0
SME167929,business_owner,high_risk,0.7010747741827164,0
SME128313,business_owner,medium_risk,0.7010593630966196,1
SME154338,business_owner,high_risk,0.7010543487893666,1
SME144898,business_owner,high_risk,0.7009984770323595,0
SME139550,business_owner,medium_risk,0.7009693255693717,0
SME143945,business_owner,high_risk,0.7009441652001548,0
SME145721,business_owner,high_risk,0.7009218229474169,0
SME171005,business_owner,high_risk,0.700920297855703,1
SME183195,business_owner,high_risk,0.7009029096792251,0
SME133909,business_owner,high_risk,0.700894102331319,1
SME172144,business_owner,medium_risk,0.7008865848855933,1
SME146247,business_owner,high_risk,0.7008516287933255,1
SME136944,business_owner,high_risk,0.7008433720981835,1
SME189982,business_owner,high_risk,0.7008280868050744,1
SME172672,business_owner,medium_risk,0.7007854862825609,0
SME103737,business_owner,high_risk,0.7007502985857369,1
SME197546,business_owner,high_risk,0.700743840440054,0
SME175790,business_owner,high_risk,0.7006898788798384,1
SME113326,business_owner,high_risk,0.7006801048581625,0
SME155563,business_owner,high_risk,0.7006778355416601,0
SME134807,business_owner,high_risk,0.7006744872896444,1
SME139292,business_owner,medium_risk,0.7006634150458958,0
SME160641,business_owner,high_risk,0.7006417360744235,1
SME188211,business_owner,high_risk,0.7005875402488153,0
SME185547,business_owner,medium_risk,0.700584428624353,0
SME133187,business_owner,high_risk,0.7005631693151688,0
SME199096,business_owner,high_risk,0.7005391183880029,1
SME162573,business_owner,medium_risk,0.7005307956837521,1
SME180108,business_owner,high_risk,0.7005160276484911,0
SME131942,business_owner,high_risk,0.7005058814374764,0
SME115324,business_owner,high_risk,0.7005027463255494,0
SME165665,business_owner,high_risk,0.7004898827625354,0
SME159117,business_owner,high_risk,0.7004880316020756,0
SME115467,business_owner,high_risk,0.7004838214512531,0
SME197294,business_owner,high_risk,0.7004834837706407,0
SME105153,business_owner,high_risk,0.7004770589020088,0
SME137599,business_owner,high_risk,0.7004676190066594,0
SME197025,business_owner,medium_risk,0.7004579216859992,0
SME107225,business_owner,high_risk,0.7004364743061969,0
SME107274,business_owner,high_risk,0.7004242317088686,0
SME177677,business_owner,high_risk,0.7003878848017184,0
SME143406,business_owner,high_risk,0.700373394583758,1
SME181352,business_owner,high_risk,0.7003440935415327,0
SME139523,business_owner,medium_risk,0.7003369796431185,0
SME174507,business_owner,high_risk,0.700330715068731,0
SME132575,business_owner,medium_risk,0.70032692785592,0
SME115494,business_owner,high_risk,0.7003231054503167,1
SME123440,business_owner,high_risk,0.7003210281355121,0
SME192783,business_owner,medium_risk,0.7003204397403705,0
SME152006,business_owner,high_risk,0.700298136852185,1
SME151396,business_owner,high_risk,0.700267407430922,0
SME164469,business_owner,medium_risk,0.7002670714199536,0
SME181100,business_owner,high_risk,0.7002648452311065,0
SME178276,business_owner,high_risk,0.700246770905599,1
SME150702,business_owner,high_risk,0.7002115191750711,0
SME173876,business_owner,high_risk,0.7002089785337894,0
SME180622,business_owner,high_risk,0.7001980035655607,1
SME135557,business_owner,high_risk,0.7001935185534278,1
SME192619,business_owner,high_risk,0.7001819390743506,0
SME151913,business_owner,high_risk,0.700131660346929,0
SME136543,business_owner,high_risk,0.7001176187616774,0
SME106026,business_owner,medium_risk,0.7000938847749941,1
SME159282,business_owner,medium_risk,0.7000772480916468,0
SME129235,business_owner,high_risk,0.7000635794118354,0
SME174046,business_owner,high_risk,0.700057291149304,0
SME198455,business_owner,high_risk,0.7000279517998138,0
SME170988,business_owner,high_risk,0.7000277077549787,0
SME132769,business_owner,medium_risk,0.7000262242715574,0
SME162371,business_owner,high_risk,0.6999836458305327,0
SME118925,business_owner,medium_risk,0.6999833175217326,1
SME112518,business_owner,high_risk,0.6999657769083478,1
SME159450,business_owner,high_risk,0.6999540837898184,0
SME179872,business_owner,medium_risk,0.6999508856077,1
SME175954,business_owner,high_risk,0.6999496169348756,1
SME106403,business_owner,medium_risk,0.6999385817514604,0
SME153686,business_owner,high_risk,0.699911860714191,0
SME105250,business_owner,high_risk,0.6998606246905094,1
SME184449,business_owner,medium_risk,0.6998580820728753,0
SME175448,business_owner,medium_risk,0.6998565466868499,1
SME194385,business_owner,medium_risk,0.6998276533253425,1
SME113499,business_owner,high_risk,0.6998190651646863,0
SME147366,business_owner,medium_risk,0.6998176002145656,1
SME106633,business_owner,medium_risk,0.6998073777855905,0
SME137864,business_owner,high_risk,0.6998054081532651,0
SME111829,business_owner,high_risk,0.6997992339718515,1
SME189550,business_owner,high_risk,0.6997791655887553,0
SME101746,business_owner,high_risk,0.6997762921474009,0
SME180618,business_owner,medium_risk,0.6997754372003752,0
SME182762,business_owner,high_risk,0.6997635570959115,0
SME132604,business_owner,medium_risk,0.6997294919564123,0
SME108782,business_owner,high_risk,0.6997013621541881,0
SME129369,business_owner,medium_risk,0.6996937570016037,0
SME107683,business_owner,high_risk,0.6996505424252424,0
SME155042,business_owner,high_risk,0.6996270415165661,0
SME132312,business_owner,high_risk,0.6996198147459886,0
SME132892,business_owner,high_risk,0.699588434425081,0
SME109035,business_owner,high_risk,0.6995842424288483,0
SME148290,business_owner,medium_risk,0.6995728444285613,0
SME103955,business_owner,medium_risk,0.6995563898350523,0
SME115321,business_owner,medium_risk,0.6995533264634697,1
SME132023,business_owner,medium_risk,0.6995442192556154,0
SME105243,business_owner,high_risk,0.6995352291104858,0
SME128674,business_owner,high_risk,0.6995163778660137,1
SME141743,business_owner,high_risk,0.699509305103169,0
SME182481,business_owner,medium_risk,0.6995027860668279,1
SME194927,business_owner,high_risk,0.699484586640669,0
SME157774,business_owner,high_risk,0.699481877140084,0
SME155896,business_owner,high_risk,0.699481406541653,0
SME174273,business_owner,high_risk,0.6994723977451247,0
SME109512,business_owner,high_risk,0.6994665939174547,1
SME116565,business_owner,medium_risk,0.6994441774668707,0
SME134276,business_owner,high_risk,0.6994218229311256,0
SME174306,business_owner,medium_risk,0.6994144788564729,0
SME136909,business_owner,high_risk,0.6993910397459507,0
SME107295,business_owner,medium_risk,0.6993889377614557,0
SME192693,business_owner,high_risk,0.6993860954251155,0
SME117630,business_owner,high_risk,0.6993781666929201,0
SME111639,business_owner,medium_risk,0.6993668009391275,0
SME120929,business_owner,medium_risk,0.6993584193983368,1
SME154659,business_owner,high_risk,0.6993567411211715,0
SME160838,business_owner,medium_risk,0.6993559762177403,0
SME123004,business_owner,high_risk,0.6993384315468075,1
SME186773,business_owner,medium_risk,0.6993188313788293,0
SME157458,business_owner,medium_risk,0.6993000650029264,0
SME130727,business_owner,medium_risk,0.6992928797545204,1
SME118259,business_owner,high_risk,0.6992815882310918,0
SME102191,business_owner,high_risk,0.6992615903080108,1
SME129152,business_owner,high_risk,0.6992507175413127,0
SME198296,business_owner,medium_risk,0.6992431201767121,0
SME157572,business_owner,high_risk,0.6992237792976552,0
SME118045,business_owner,high_risk,0.6991917810492219,0
SME118474,business_owner,medium_risk,0.6991788502954739,0
SME167747,business_owner,high_risk,0.6991732403754986,1
SME118762,business_owner,high_risk,0.6991698423772703,1
SME184925,business_owner,high_risk,0.6991629178428356,1
SME131377,business_owner,medium_risk,0.6991391413563682,0
SME146584,business_owner,high_risk,0.6991351891932827,1
SME140444,business_owner,high_risk,0.6991238373304504,0
SME106920,business_owner,high_risk,0.6991161638041101,1
SME140973,business_owner,high_risk,0.6991089258906846,0
SME191026,business_owner,high_risk,0.6990953136835533,0
SME171695,business_owner,medium_risk,0.6990763979089126,0
SME136882,business_owner,high_risk,0.6990704461167838,0
SME134155,business_owner,medium_risk,0.699055824438767,1
SME194123,business_owner,high_risk,0.6990529011943316,0
SME175410,business_owner,high_risk,0.6990385136439461,0
SME150810,business_owner,medium_risk,0.6990321464565472,0
SME166135,business_owner,high_risk,0.6990132956674894,0
SME195153,business_owner,high_risk,0.6990110286020579,0
SME174556,business_owner,medium_risk,0.6990046846372959,1
SME142409,business_owner,high_risk,0.6989994849028213,0
SME151558,business_owner,high_risk,0.6989602317954058,0
SME185448,business_owner,medium_risk,0.6989553885038499,0
SME121032,business_owner,medium_risk,0.6989537539725219,1
SME189814,business_owner,high_risk,0.698951176495734,0
SME153926,business_owner,medium_risk,0.6989391305021747,0
SME144435,business_owner,high_risk,0.6989275251361026,0
SME103488,business_owner,high_risk,0.6989048460389803,1
SME119206,business_owner,high_risk,0.698893761775397,0
SME173374,business_owner,high_risk,0.6988710361419681,0
SME119874,business_owner,high_risk,0.698769934507319,0
SME138067,business_owner,medium_risk,0.6987688203609255,0
SME113135,business_owner,high_risk,0.698758367220341,0
SME119360,business_owner,medium_risk,0.6987519258684207,1
SME110570,business_owner,medium_risk,0.6987183021563764,1
SME191423,business_owner,high_risk,0.698717834692055,0
SME109093,business_owner,high_risk,0.6986993645310361,1
SME199143,business_owner,medium_risk,0.6986928260411407,0
SME151589,business_owner,high_risk,0.6986806555964266,0
SME116124,business_owner,high_risk,0.6986782058400822,1
SME134192,business_owner,high_risk,0.6986732555237115,0
SME145209,business_owner,high_risk,0.6986537135127431,0
SME192274,business_owner,medium_risk,0.6986484712004293,1
SME110497,business_owner,high_risk,0.698648151895487,0
SME195363,business_owner,medium_risk,0.6986035589107191,0
SME184859,business_owner,medium_risk,0.6985995556998786,1
SME164127,business_owner,medium_risk,0.6985970382449624,0
SME137125,business_owner,high_risk,0.6985250269278724,0
SME107071,business_owner,high_risk,0.6985120797360531,0
SME104589,business_owner,medium_risk,0.6985035396935273,0
SME125715,business_owner,high_risk,0.6984840393623645,0
SME146898,business_owner,high_risk,0.6984690115768222,0
SME196171,business_owner,medium_risk,0.6984656972633834,1
SME173314,business_owner,medium_risk,0.6984631546602219,1
SME166800,business_owner,medium_risk,0.6984357534166291,0
SME103969,business_owner,medium_risk,0.6983860236863464,0
SME109550,business_owner,high_risk,0.6983750458444931,0
SME154634,business_owner,high_risk,0.6983634967699499,1
SME157966,business_owner,high_risk,0.6983607855173305,0
SME157092,business_owner,high_risk,0.6983533966139115,1
SME110656,business_owner,high_risk,0.6983468234562553,0
SME145412,business_owner,high_risk,0.6983424737626591,1
SME130526,business_owner,high_risk,0.698314714826043,1
SME192917,business_owner,high_risk,0.6983101192929472,0
SME191734,business_owner,high_risk,0.6983034756303856,1
SME172997,business_owner,high_risk,0.6982662950977763,0
SME173095,business_owner,high_risk,0.6982519638524782,1
SME187350,business_owner,high_risk,0.6982481822528944,1
SME146632,business_owner,medium_risk,0.6982479019295877,1
SME155331,business_owner,high_risk,0.6982468101044237,0
SME151777,business_owner,high_risk,0.6982287819129251,1
SME162084,business_owner,high_risk,0.6982282199480391,1
SME172723,business_owner,medium_risk,0.6982199824625831,0
SME191112,business_owner,high_risk,0.6981815746805401,0
SME131438,business_owner,high_risk,0.6981800733711386,0
SME193864,business_owner,medium_risk,0.6981515619453058,1
SME161678,business_owner,high_risk,0.698120345966543,0
SME141980,business_owner,high_risk,0.6981082155382327,0
SME135146,business_owner,high_risk,0.6981045192534926,1
SME154609,business_owner,high_risk,0.6980965351298112,1
SME138827,business_owner,high_risk,0.6980780984938452,1
SME119640,business_owner,high_risk,0.6980739230362517,0
SME100789,business_owner,high_risk,0.6980411148156692,0
SME178916,business_owner,high_risk,0.6980329971062368,0
SME122402,business_owner,high_risk,0.6980291626082573,0
SME113271,business_owner,high_risk,0.6979745915294214,1
SME177839,business_owner,high_risk,0.6979732206506438,1
SME110255,business_owner,high_risk,0.6979672133243727,0
SME187285,business_owner,high_risk,0.6979592368615931,1
SME124169,business_owner,high_risk,0.697952160578342,0
SME164340,business_owner,high_risk,0.6979451488233647,1
SME140853,business_owner,medium_risk,0.6979232951599199,0
SME120375,business_owner,high_risk,0.6979231667778645,1
SME152109,business_owner,high_risk,0.6979207132562605,1
SME158274,business_owner,high_risk,0.6979186302160617,0
SME166131,business_owner,high_risk,0.6978964046897087,1
SME120151,business_owner,high_risk,0.6978901549065102,0
SME181186,business_owner,high_risk,0.6978891887295023,0
SME153242,business_owner,high_risk,0.6978459670916218,1
SME157769,business_owner,medium_risk,0.6977975878210695,0
SME140631,business_owner,high_risk,0.6977931311443241,0
SME116926,business_owner,high_risk,0.6977913875295032,0
SME173399,business_owner,high_risk,0.6977875273753263,0
SME196450,business_owner,high_risk,0.6977794853945924,0
SME101293,business_owner,high_risk,0.6977778049837206,0
SME140323,business_owner,high_risk,0.6977698256122717,0
SME169554,business_owner,high_risk,0.6977393749978901,0
SME155776,business_owner,high_risk,0.6977295703125269,0
SME190931,business_owner,high_risk,0.6977274981392143,0
SME121601,business_owner,high_risk,0.6977265799943438,0
SME158668,business_owner,high_risk,0.6977067333906222,0
SME184131,business_owner,high_risk,0.6977002434217494,1
SME184460,business_owner,high_risk,0.697693902386324,1
SME142386,business_owner,medium_risk,0.6976542886967158,1
SME120458,business_owner,medium_risk,0.6976459295048947,0
SME134943,business_owner,medium_risk,0.6976192558326424,1
SME179570,business_owner,high_risk,0.6975956944697514,0
SME114152,business_owner,high_risk,0.6975801209212915,0
SME171113,business_owner,high_risk,0.6975774744786277,0
SME169634,business_owner,high_risk,0.6975678073610128,0
SME185094,business_owner,medium_risk,0.697551855796572,0
SME198049,business_owner,high_risk,0.6975493662674027,0
SME188643,business_owner,medium_risk,0.6975296934990249,0
SME168746,business_owner,high_risk,0.6975205895129347,1
SME130546,business_owner,high_risk,0.6975180644039389,0
SME178048,business_owner,medium_risk,0.6975173666188924,1
SME113932,business_owner,high_risk,0.6975082470234311,0
SME115480,business_owner,high_risk,0.6975062463628097,0
SME167486,business_owner,high_risk,0.697496277496242,0
SME163013,business_owner,high_risk,0.6974938773176798,0
SME180682,business_owner,medium_risk,0.6974869004979067,1
SME193050,business_owner,high_risk,0.6974779729296433,0
SME195609,business_owner,medium_risk,0.6974702223190858,0
SME112621,business_owner,high_risk,0.6974647159558788,0
SME113990,business_owner,high_risk,0.6974561375012729,1
SME161076,business_owner,high_risk,0.6974439009279244,0
SME199098,business_owner,high_risk,0.6974335401381094,1
SME147177,business_owner,high_risk,0.6974251816211758,0
SME112784,business_owner,high_risk,0.6974225168947394,1
SME190176,business_owner,high_risk,0.6974147357336082,1
SME144973,business_owner,high_risk,0.697413218866687,0
SME102766,business_owner,high_risk,0.697403870117151,1
SME184547,business_owner,medium_risk,0.6974025117597843,0
SME105173,business_owner,medium_risk,0.6973818462637068,1
SME117691,business_owner,high_risk,0.6973676747763354,0
SME194174,business_owner,medium_risk,0.697367585746022,0
SME142493,business_owner,high_risk,0.6973641003465822,0
SME161045,business_owner,high_risk,0.6973580847645656,0
SME196970,business_owner,high_risk,0.6973497218145865,0
SME194371,business_owner,high_risk,0.6973411579582782,0
SME107141,business_owner,medium_risk,0.6973392006123702,1
SME133496,business_owner,high_risk,0.6973270723387788,1
SME139275,business_owner,high_risk,0.6973257685101422,0
SME184368,business_owner,high_risk,0.6973218684197553,0
SME160766,business_owner,high_risk,0.6973159402745366,1
SME171684,business_owner,high_risk,0.6973042263578922,0
SME178590,business_owner,high_risk,0.6972786892148956,0
SME100835,business_owner,high_risk,0.6972722794046486,0
SME137322,business_owner,high_risk,0.6972633361603301,1
SME190305,business_owner,high_risk,0.697256649549871,0
SME179505,business_owner,high_risk,0.6972525576404637,0
SME109389,business_owner,high_risk,0.6972511623983346,1
SME170800,business_owner,high_risk,0.6972196024781568,0
SME115624,business_owner,high_risk,0.6972060153673887,0
SME197480,business_owner,high_risk,0.697203583471291,1
SME150017,business_owner,high_risk,0.6972032668923506,0
SME155657,business_owner,high_risk,0.6971977013284649,0
SME180088,business_owner,high_risk,0.6971819904344204,0
SME180788,business_owner,high_risk,0.6971604277751227,0
SME194890,business_owner,high_risk,0.697121879559857,1
SME132727,business_owner,high_risk,0.6971203716787945,0
SME162984,business_owner,medium_risk,0.6971164072420419,0
SME116325,business_owner,high_risk,0.6971000053861853,0
SME139527,business_owner,medium_risk,0.6970987978591239,0
SME103245,business_owner,high_risk,0.6970984529213169,1
SME107140,business_owner,high_risk,0.6970878643340579,1
SME149594,business_owner,high_risk,0.697073318272369,1
SME110752,business_owner,medium_risk,0.6970707390081496,1
SME135991,business_owner,medium_risk,0.6970410065107234,0
SME106162,business_owner,medium_risk,0.6970229171159059,0
SME110229,business_owner,medium_risk,0.6970128024085882,0
SME153546,business_owner,high_risk,0.6969767418849541,0
SME132572,business_owner,high_risk,0.6969581183377429,1
SME178086,business_owner,medium_risk,0.6969541469744228,0
SME181483,business_owner,high_risk,0.6969385170650871,0
SME178060,business_owner,high_risk,0.6969383626048007,0
SME120767,business_owner,high_risk,0.6969024585625608,0
SME148252,business_owner,medium_risk,0.6969016848287026,0
SME131426,business_owner,high_risk,0.6968983330230601,0
SME170649,business_owner,medium_risk,0.6968970684848054,0
SME180523,business_owner,high_risk,0.6968677223927021,0
SME191780,business_owner,high_risk,0.6968581314279881,0
SME174436,business_owner,high_risk,0.6968133237790752,1
SME136265,business_owner,high_risk,0.6967994549642739,1
SME188693,business_owner,medium_risk,0.6967867953789082,0
SME104673,business_owner,high_risk,0.6967496503122922,1
SME187152,business_owner,high_risk,0.6967466213589175,0
SME149997,business_owner,medium_risk,0.696743608562515,0
SME197255,business_owner,medium_risk,0.6967421866869391,1
SME101647,business_owner,medium_risk,0.6967414650337517,0
SME143989,business_owner,high_risk,0.6967258826336042,1
SME177843,business_owner,high_risk,0.6967220507304817,1
SME106348,business_owner,high_risk,0.6966935323992344,0
SME196916,business_owner,high_risk,0.6966808962905461,0
SME126950,business_owner,medium_risk,0.6966616034097483,1
SME161421,business_owner,high_risk,0.6966549082719005,1
SME161506,business_owner,high_risk,0.6966410439306079,1
SME183545,business_owner,high_risk,0.6965935857755273,0
SME188843,business_owner,high_risk,0.6965863199640312,1
SME154694,business_owner,high_risk,0.6965812887883335,0
SME124657,business_owner,high_risk,0.6965634546812361,0
SME159961,business_owner,high_risk,0.6965344886988294,1
SME119896,business_owner,medium_risk,0.6965281711138872,1
SME135417,business_owner,medium_risk,0.6965127437112935,0
SME107090,business_owner,high_risk,0.6965082388861144,0
SME199242,business_owner,high_risk,0.6964939411625034,1
SME175859,business_owner,high_risk,0.6964746025322884,0
SME161979,business_owner,medium_risk,0.6964685061007795,1
SME133615,business_owner,high_risk,0.6964550836830729,0
SME136589,business_owner,high_risk,0.6964517012199088,1
SME170979,business_owner,high_risk,0.6964445352783585,1
SME124960,business_owner,high_risk,0.696432901169847,0
SME128615,business_owner,high_risk,0.6964042614224509,0
SME141796,business_owner,medium_risk,0.6963735697678287,1
SME186998,business_owner,high_risk,0.6963559266109594,1
SME147230,business_owner,high_risk,0.6963429421084569,0
SME108215,business_owner,medium_risk,0.6963404037341316,1
SME175143,business_owner,high_risk,0.6963257942354278,0
SME155709,business_owner,high_risk,0.6963120044589252,0
SME109994,business_owner,medium_risk,0.6962901030087936,0
SME150873,business_owner,high_risk,0.6962375178766553,0
SME112183,business_owner,high_risk,0.6962240270082067,0
SME128078,business_owner,high_risk,0.6962011236919875,0
SME106720,business_owner,medium_risk,0.6961988046614684,1
SME184544,business_owner,high_risk,0.696197594934124,0
SME145522,business_owner,high_risk,0.6961935583531138,0
SME143816,business_owner,high_risk,0.696186846890497,1
SME189653,business_owner,high_risk,0.6961512943062961,0
SME173073,business_owner,high_risk,0.6961293820980012,0
SME148109,business_owner,high_risk,0.6961276761590375,0
SME159406,business_owner,high_risk,0.6961274248182872,0
SME192064,business_owner,high_risk,0.6961273411114183,0
SME177307,business_owner,high_risk,0.696105051410644,1
SME144369,business_owner,high_risk,0.6961017151778099,1
SME151801,business_owner,high_risk,0.6960980153884155,0
SME181414,business_owner,high_risk,0.6960956413600289,0
SME171533,business_owner,high_risk,0.6960815910224909,1
SME125049,business_owner,medium_risk,0.6960805994032397,1
SME108081,business_owner,high_risk,0.6959934523470487,0
SME171901,business_owner,high_risk,0.6959763909093123,0
SME199771,business_owner,medium_risk,0.6959382704251467,1
SME155847,business_owner,high_risk,0.6959337611217888,1
SME154209,business_owner,high_risk,0.6959280449443428,1
SME142186,business_owner,medium_risk,0.6959256743882333,0
SME170864,business_owner,high_risk,0.6958997279746536,0
SME175026,business_owner,high_risk,0.6958996003055056,0
SME120391,business_owner,high_risk,0.6958936442751987,1
SME141766,business_owner,high_risk,0.6958652683607427,1
SME151476,business_owner,high_risk,0.6958585398656836,0
SME176748,business_owner,medium_risk,0.695828032835198,0
SME131399,business_owner,medium_risk,0.6958235517660916,0
SME143773,business_owner,high_risk,0.6957728643432609,0
SME174107,business_owner,medium_risk,0.6957602448519374,1
SME191256,business_owner,high_risk,0.6957554881754423,0
